"""Datetime""","""Tweet ID""","""Text""","""Username""",Score
2021-02-01 08:52:12+00:00,1.36E+18,The incidents happened at Geylang Road and Forest Canopy Boardwalk at One-North Park Fusionopolis South.,stompsingapore,-0.296
2021-01-31 16:38:23+00:00,1.36E+18,"Here again, like always the North blame others for their woes. Refusing to accept responsibility for their backwardness. You may need to come to middle belt and preach ur one-North, after the carnage herdsmen have caused in that area. Just attempt",okeychima2002,-0.296
2021-01-31 13:52:06+00:00,1.36E+18,So. Erm quick question. Why is One-North not located in the north?,blackadlerqueen,-0.296
2021-01-31 01:57:20+00:00,1.36E+18,Just posted a photo @ One-North Eden ,Shawn_Kuah,-0.296
2021-01-09 16:54:49+00:00,1.35E+18,i don't know why one-north is not capitalized but i kinda like it that way,fidelicate,-0.2263
2021-01-09 13:48:56+00:00,1.35E+18,one-North - 9.47pm ,fureifurei,-0.2263
2021-01-05 09:17:02+00:00,1.35E+18,One-North Eden | Target launch date : Q1 2021 Highly Anticipated Brand New Development Located At One North Gateway One-North Eden is a mixed commercial &amp; housing development located in Dover estate. ,IiMarketplace,-0.2091
2020-12-16 10:30:16+00:00,1.34E+18,"Feel like going for a run along lush green corridors &amp; wide, open spaces? Whether you just started #running or are a seasoned runner, check out these scenic routes at Singapore Science Park and one-north! ",CapitaLand,-0.2023
2020-12-02 15:33:40+00:00,1.33E+18,"one-north. it gives off the 'i'M nOt LiKE OtHeR trAIn StATIoNs"" vibes",christinekxf,-0.1531
2020-12-01 12:29:52+00:00,1.33E+18,Why is one-north not capitalized AND hyphenated ,myleyantay,-0.1531
2020-11-18 10:25:28+00:00,1.33E+18,Shoutout to the 18:24 train at one-north that's always on time and always empty,morbidintel,-0.1531
2020-11-10 16:52:42+00:00,1.33E+18,did you know that one-north is the only mrt station that is in lowercase #indierock #music #indievibes https://t.co/ehQ9UzidMK,mahkaz,-0.145
2020-11-10 02:20:39+00:00,1.33E+18,There are new projects launch week after week.  Rymden 77 KI Residences The Landmark Clavon One-North Eden ......Lists continue.......,sktan5254,-0.1343
2020-11-06 10:35:38+00:00,1.32E+18,Leah and Linux. I'm set for an eventful weekend #doglikesdatatoo @ One-North Residences ,thedouble_helix,-0.128
2020-11-04 08:25:24+00:00,1.32E+18,[UPDATE] The items are here! Do fill in the meet up form (this friday at bishan) or DM me if you're able to make it for the meet up at one-north tmr between 1220-1240pm!,daysgone_buyss,-0.128
2020-11-03 17:59:09+00:00,1.32E+18,"Quit whatever crap you're doing and give me your attention - Leah (or her feet rather), Nov 3, 2020. #impawsible @ One-North Residences ",thedouble_helix,-0.128
2020-11-02 06:53:46+00:00,1.32E+18,im just fking lazy to travel to one-north everyday for one whole month AGAIN cb my ezlink money fly away alr,firhan_saifudin,-0.128
2020-10-14 11:55:59+00:00,1.32E+18,I think there's a major power fault affecting a lot of MRT lines in Singapore. one-North station which is the circle line has stopped services. Take note. And follow @SMRT_Singapore for more updates. Either that or angry Singaporean tweets hahaha.,JoakimGomez,-0.0772
2020-10-14 02:37:53+00:00,1.32E+18,"@MatthewMohanCNA With Mediacorp having moved from Caldecott, is she now the Queen of One-North?",liongooner,-0.0772
2020-10-13 04:59:31+00:00,1.32E+18,"I witnessed a similar back-and-forth drama play out at the road crossing between one-north MRT and Blk71 over a period of almost 5 years, and it's one of the things that gave me faith in my fellow Singaporeans. The commuters won ",visakanv,-0.0516
2020-10-12 14:55:28+00:00,1.32E+18,Going nowhere fast #work #life #covid19 @ one-north MRT Station,aklw,-0.0258
2020-10-02 04:58:25+00:00,1.31E+18,got subway inside one-north mrt station,iqkeriqballas,0.0243
2020-10-01 02:36:54+00:00,1.31E+18,Hi #Singapore! Do you want to learn #AI and #DeepLearning with an #expert? I will #teach a 3-day #course (lectures and coding exercises) on Dec 7-9 at One-North. Register here: https://t.co/hLoX28wFh3 @SkillsFutureSG @SmartNationSG @SGInnovate ,xbresson,0.0772
2020-09-29 02:57:45+00:00,1.31E+18,@thattallguyGabe You can turn across a bike lane if the intersection and signals are designed properly. Every street on cannon has a turn across a bike lane. The entire one-north two-south design is flawed as well. It's really sad to see the results of the overblown budgets of these departments,bikehounds,0.0772
2020-09-09 09:49:32+00:00,1.30E+18,CapitaLand's Rochester Commons in one-north slated for completion in Q4 ,sonalgupta0297,0.128
2020-09-09 09:22:28+00:00,1.30E+18,CapitaLand's Rochester Commons in one-north slated for completion in Q4 ,ReetuChoudhar14,0.128
2020-09-09 09:22:27+00:00,1.30E+18,CapitaLand's Rochester Commons in one-north slated for completion in Q4 ,MishraRutuja,0.128
2020-09-09 09:22:20+00:00,1.30E+18,CapitaLand's Rochester Commons in one-north slated for completion in Q4 ,Daily2DailyNews,0.128
2020-09-09 09:19:31+00:00,1.30E+18,S'pore's first campus-style integrated project in one-north to be completed end-2021 ,MichellePatti11,0.128
2020-09-09 08:47:13+00:00,1.30E+18,Campus-style integrated development Rochester Commons in one-north to be completed end next year ,stbusinessdesk,0.128
2020-09-09 08:46:48+00:00,1.30E+18,Campus-style integrated development Rochester Commons in one-north to be completed end next year ,straits_times,0.128
2020-09-09 07:32:09+00:00,1.30E+18,CapitaLand's Rochester Commons in one-north slated for completion in Q4 2021 ,BusinessTimes,0.128
2020-09-04 13:44:54+00:00,1.30E+18,does anyone know why one-north station is written with all small letters and not capital like the rest for the 1st letter,MinJing_says,0.128
2020-09-03 16:54:51+00:00,1.30E+18,you are one-north us now ,syafeeqdanish,0.128
2020-09-03 10:01:41+00:00,1.30E+18,"One-North Eden by TID. Hotline 61009266. Get Discounts, Direct Developer Price, Brochure, Floor Plan, Price List &amp; More. New Condo @ One-North Gateway. ",AliHasa07891969,0.128
2020-09-03 06:10:26+00:00,1.30E+18,Rain rain rain today @ One-North Residences ,JP_Snell,0.1511
2020-09-01 17:44:12+00:00,1.30E+18,"@ShehuSani It had to take an ex-senator from Kaduna state to echo what youths like myself have been screaming for years. Unfortunately, the leadership of the state are blinded by the illusion of a one-north and won't align with the SE states on their struggle for resource control.",Ibnwalee,0.1511
2020-08-28 01:39:20+00:00,1.30E+18,"Michelin Bib Gourmands 4 in a row (2016-2019) and only one in the world to do so. Why else would you settle for anything less. Agreed? TGIF so indulge at 76 Shenton Way, Dunlop St, 6th Ave and Nexus @ One-North. Or ask your regular delivery company. ",bismillahbryani,0.1511
2020-08-27 04:33:26+00:00,1.30E+18,"Hyll on Holland at Holland Road: Freehold condominium on large site of 138,106 sqft Freehold condominium in the prime district Priced-to-sell, affordable low quantum Short drive to Holland Village, Orchard Road, One-North Stone's throw away",buynewlaunchnow,0.1531
2020-08-27 04:31:08+00:00,1.30E+18,"Hyll on Holland at Holland Road: Freehold condominium on large site of 138,106 sqft Freehold condominium in the prime district Priced-to-sell, affordable low quantum Short drive to Holland Village, Orchard Road, One-North Stone's throw away from Botanic Garde",buynewlaunchnow,0.1531
2020-08-26 12:07:47+00:00,1.30E+18,"** Pending Approval for Sale **New Mixed-Use Condo at One-North Gateway by TID Located at the plum site of One-North Gateway, a new exciting mixed-development will soon launch in 2020.",propertyasiadir,0.1531
2020-08-24 21:15:13+00:00,1.30E+18,"Host 31700 students with 1775 academic staff. Occupy 3 campuses - Main, Novena Healthcare and One-North Startup. Ranked at 13 * globally, again ahead of the universities in Mainland China as well as Hong Kong. * By QS; Ranked No. 48 by THE",edwinkwan11,0.1531
2020-08-22 04:28:23+00:00,1.30E+18,"76 Shenton Way outlet will now open seven days a week. Yes everyday. Lots of seating. New hot kitchen extension is in the works next door. Excitement is in the air. We will indulge u at 76 Shenton Way. Also at Dunlop St, 6th Ave and Nexus @ One-North. ",bismillahbryani,0.1531
2020-08-21 04:39:46+00:00,1.30E+18,"4 Michelin Bib Gourmands in a row (2016-2019) and only one in the world to do so. Why else would you settle for anything less. Agreed? TGIF so indulge at 76 Shenton Way, Dunlop St, 6th Ave and Nexus @ One-North. Or ask your regular delivery company. ",bismillahbryani,0.1655
2020-08-19 11:34:17+00:00,1.30E+18,What's good here? Pag may nangyari ba dito pwede na ba sabihing one-north stand? ,TheBoazanianGuy,0.1739
2020-08-19 03:41:38+00:00,1.30E+18,"The Biryani that won 4 Michelin Bib Gourmands in a row (2016-2019) and only one in the world to do so - Bismillah Biryani. Why else would you settle for anything less. Agreed? One Nation. One People. One Biryani. Indulge at 76 Shenton Way, Dunlop St, 6th Ave and Nexus @ One-North ",bismillahbryani,0.1779
2020-08-18 01:30:00+00:00,1.30E+18,"No Bismillah Biryani? No thanks. Go for real thing. Wonder y biryani is such an acclaimed dish worldwide? Most sold are not biryani. Making biryani is like conducting a full-scale symphony orchestra. Got it? Get it. Open at 76 Shenton Way, Dunlop St, 6th Ave and Nexus @ One-North ",bismillahbryani,0.1779
2020-08-18 01:01:35+00:00,1.30E+18,"Idle Restaurant Sold Alcohol Past 10.30pm, Ordered To Close For 10 Days At One-North",MustShareNews,0.193
2020-08-17 18:57:33+00:00,1.30E+18,Covid-19: The Idle restaurant in One-north told to shut for 10 days for flouting safe management measures ,HIREMAIDEA,0.193
2020-08-17 15:55:33+00:00,1.30E+18,Covid-19: The Idle restaurant in One-north told to shut for 10 days for flouting safe management measures ,TODAYonline,0.193
2020-08-17 15:41:03+00:00,1.30E+18,Covid-19: The Idle restaurant in one-north told to shut for 10 days for flouting safe management measures ,TODAYonline,0.193
2020-08-17 02:12:39+00:00,1.30E+18,"No Bismillah Biryani? No thanks. Go for real thing. Wonder y biryani is such an acclaimed dish worldwide? Most sold are not biryani. Making biryani is like conducting a full-scale symphony orchestra. Got it? Get it. Open today at 76 Shenton Way, Dunlop St, and Nexus @ One-North ",bismillahbryani,0.193
2020-08-11 14:50:27+00:00,1.29E+18,@_OliviaBlake @acorn_sheffield @ShefHallamLab @LabGND @serauk The current #HS2 plans also prevent Transport for the North from achieving many of their 2015 'One North' journey time &amp; service frequency aspirations with Sheffield having the worst outcome of all One-North northern cities because a sub-optimal HS2 route via Midland was chosen.,sicross2000,0.2003
2020-08-07 20:53:51+00:00,1.29E+18,"@mapninja They're random things I came up with, from a different metro system, from the real place. For example, viola is named for viola place (a road right by the stop), one-north is from the Singapore MRT, and Duck line was cause I saw a duck at monta vista once haha",justinkongmaps,0.2023
2020-08-06 00:26:50+00:00,1.29E+18,"Bread Yard, Galaxis One-North: Bakery Cafe with Dishes that Focus on Bread",TokyoGourmand,0.2023
2020-08-05 23:36:59+00:00,1.29E+18,"Bread Yard, Galaxis One-North: Bakery Cafe with Dishes that Focus on Bread",RubbishEatRGrow,0.2023
2020-08-05 09:58:00+00:00,1.29E+18,.@DarcelAnastasia Its either that or one-north.,hollowatermelon,0.2023
2020-08-05 07:58:16+00:00,1.29E+18,@dirtdynamics @ofmeowandbake Nearest one in the west is at One-North.,mintea,0.2023
2020-08-04 08:12:34+00:00,1.29E+18,@HHTay I moved office to one-north,dhaZiBi,0.2023
2020-08-03 11:09:31+00:00,1.29E+18,Floating orchids on my stairs @ One-North Residences https://t.co/6OTcabqW1t,JP_Snell,0.2263
2020-07-31 09:41:43+00:00,1.29E+18,".@tweetWRS spotted this bird trap near Sandcrawler, one-north park in Fusionopolis - it had a speaker playing bird songs. This is for research, right :)? Can you help me identify this bird and do you know more about these kinds of traps :)? ",thatmarta,0.2401
2020-07-29 08:25:59+00:00,1.29E+18,"One-North Eden, a brand new mixed development at One-north Gateway, Singapore District 05.  Developed by TID Residential, Hong Leong Holdings and Mitsui Fudosan.",tay_kenny,0.2411
2020-07-29 01:53:06+00:00,1.29E+18,"High-tech B1 industrial space for Rent Grande Building - 8 Commonwealth Lane, Singapore 149555 *Close proximity to One-North *5 mins walk to Commonwealth MRT Sizes 797-6600sqft, Rental from $2391 - Well tenanted by MNCs ",alexhansg76,0.2429
2020-07-24 02:02:25+00:00,1.29E+18,"** Pending Approval for Sale **New Mixed-Use Condo at One-North Gateway by TID Located at the plum site of One-North Gateway, a new exciting mixed-development will soon launch in 2020. ",propertyasiadir,0.2429
2020-07-21 05:00:00+00:00,1.29E+18,"Last Saturday morning, we kicked off our first Virtual Bingo Tour at one-north, the 'Silicon Valley' of Singapore! Thank you to all 41 participants who made this #virtualtour a success! Click here for details: https://t.co/UfUHd8zvtL #MonsterDayTours #SupportLocal ",monsterdaytours,0.2429
2020-07-20 10:26:18+00:00,1.29E+18,@visakanv @sharanvkaur MoneySmart (: I think it was one of your tweets describing your journey from one-north to Blk 71 that led me to follow you in the first place!,prodigalgeek,0.2429
2020-07-17 10:06:03+00:00,1.28E+18,"In 1960 Singapore set up a plan to develop Garden City and pushed the concept even further in recent decades to become a City in a Garden. COVID-related measures reducing work from the office, nature is even more present in Singapore ""Silicon valley"" one-north. ",horizon_quantum,0.2429
2020-07-17 04:19:32+00:00,1.28E+18,One-North Eden ,GinaLimLL,0.25
2020-07-16 19:47:15+00:00,1.28E+18,#MixedReality 5G testing facility to open in one-north in September ,JsPadoan,0.2577
2020-07-14 19:45:59+00:00,1.28E+18,Shipping Container Hotel launched in one-north #video,pickupblocks,0.2731
2020-07-11 07:06:22+00:00,1.28E+18,These #FitnessFirst gym bags are dead handy ... #upcycling #bankholidayweekend @ One-North Residences ,JP_Snell,0.2732
2020-07-09 19:16:58+00:00,1.28E+18,Now looking at Commonwealth-Queenstown: The 2019 plan (unlabeled) looks very different from the 2014 one.- Straight road connecting Commonwealth to one-north- Old Tanglin Halt flats rezoned- Portsdown broken into residential sub-parts- Rail Corridor preserved!,kylemalinda,0.2732
2020-07-08 06:13:17+00:00,1.28E+18,Suddenly rmbed the little coffee shop at one-north mrt where the auntie always rmbs my order of Teh C peng siu dai. Haven't been there since March sia. Wonder how is the shop doing and if it still surviving or not.,DasKaiserSJH,0.2732
2020-06-30 05:42:24+00:00,1.28E+18,"@hamsterlamster haha nope, this one is near my workplace. It's in one-north, called Hoodadak. You should check it out :)",miauwpinch,0.2732
2020-06-26 09:30:00+00:00,1.28E+18,"As our team grows, we are moving to a new office at ALICE@Mediapolis. This smart and green freshly built business park is situated in #Singapore's Silicon Valley one-north. Starting from next week, we will be sharing photos of our offices taking shape.",horizon_quantum,0.2732
2020-06-22 06:26:51+00:00,1.27E+18,"The proceeds from this green loan will be used by SoilBuild #REIT to refinance its iconic project Solaris@one-north, a #business space complex that is part of the Fusionopolis cluster in #Singapore. #reitasiapac : ",reitasiapac,0.2732
2020-06-22 05:15:32+00:00,1.27E+18,Bowl Chap Review: Ex-Tippling Club Trainee Opens A Donburi Stall At one-north https://t.co/qHs8AcxoYa ,makaneric,0.2924
2020-06-12 03:12:32+00:00,1.27E+18,"Full Time Tea Barista: Tea Tree Cafe Ptd Ltd Location: One-North, ITE Ang Mo Kio, Temasek Poly SIT, Kallang Wave Mall, The Cathay, Kovan, Nanyang Poly SIT, Punggol Bus Interchange. Job description Cashier Greeting customer and taking ",FindSGJob,0.296
2020-06-07 11:13:24+00:00,1.27E+18,one-north #Singapore ,egyikfan,0.296
2020-05-07 15:40:35+00:00,1.26E+18,@barisanhantu I also just found out that the Clone Wars were principally produced in Singapore. And also there's a sandcrawler building at one-north... Haha.,guanyinmiao,0.296
2020-05-03 15:06:51+00:00,1.26E+18,"NOW THAT THE NORTH IS CAUGHT IN THE WEB OF COVID-19 AND ARE RETURNING THE SOCALLED ""ALMAJIRI"" (what is the meaning of this word self?) CHILDREN TO THEIR STATE OF ORIGIN, THE CONCEPT OF ONE-NORTH HAVE BEEN SOMEHOW  SUSPENDED. Waoo! It is comfortable when rogue politicians want it.",JosephUbiagba,0.296
2020-04-18 12:02:34+00:00,1.25E+18, @ One-North ,lurunluluninie,0.3182
2020-04-12 06:29:50+00:00,1.25E+18,I'm at one-north MRT Station (CC23) - @smrt_singapore in Singapore ,lieynafara,0.3182
2020-04-09 15:49:53+00:00,1.25E+18,"For @Ada_Palmer, #SomethingBeautiful, to brighten Twitter feeds in this time of pain and uncertainty. Walled path, one-north Park, Singapore, April 2020, the last day before lockdown.",JohnathanYik,0.3182
2020-03-28 16:28:37+00:00,1.24E+18,"#SomethingBeautiful for @Ada_Palmer, to brighten Twitter feeds in this time of darkness. Fungus sprouts from a log.  one-north Park, Fusionopolis South, Singapore, August 2016",JohnathanYik,0.3182
2020-03-17 01:15:02+00:00,1.24E+18,"Min-Liang Tan Conducts Site Visit To Razer SEA HQ At One-North, Confirms Its Opening In 2020 https://t.co/5Lrw6eShXP #tech #technology #HQ ",FintechSIN,0.3182
2020-03-16 22:10:34+00:00,1.24E+18,"Ho Bee wins S$223.6m tender for Biopolis Phase 6 at one-north - MAINBOARD-LISTED Ho Bee Land's subsidiary, HB Universal, has been awarded the concept and pri...",nonsellcom,0.3182
2020-03-16 12:47:00+00:00,1.24E+18,"Ho Bee Land wins S$223.6m tender for biomedical sciences facility at one-north -  MAINBOARD-LISTED Ho Bee Land's subsidiary, HB Universal, has been awarded th...",nonsellcom,0.3182
2020-03-16 12:43:49+00:00,1.24E+18,Ho Bee Land wins S$223.6m tender for biomedical sciences facility at one-north ,BusinessTimes,0.3327
2020-03-15 14:38:02+00:00,1.24E+18,Singapore's first shipping container hotel springs up in one-north via @OracleHosp @ChannelNewsAsia ,sisifc21,0.3365
2020-03-12 03:06:41+00:00,1.24E+18,"UPDATED LIST: Singapore commercial properties affected by the novel #coronavirus; added OCBC Centre, Galaxis at one-north, Kallang's The Aperia Mall, and Funan Mall. https://t.co/8iU2cw7da2 ",FionaLamBT,0.34
2020-03-11 15:14:41+00:00,1.24E+18,@Chxrxe oof changing will u still be at one-north hahahahaha,jenjenjenwow,0.34
2020-03-10 14:04:34+00:00,1.24E+18,Hi #Singapore! Do you want to learn #DeepLearning and #AI with an expert? I will #teach a 3-day course (lectures and coding exercises) in April 20-22 at One-North.  ,xbresson,0.34
2020-03-10 05:10:39+00:00,1.24E+18,Ever wondered about the journey of a start-up? Learn how Takatack grew at JTC LaunchPad @ one-north ,gtccorp1,0.34
2020-02-29 04:58:54+00:00,1.23E+18,One-North park @ Singapore ,jimmytst,0.3412
2020-02-27 06:44:37+00:00,1.23E+18,@joulisians Shall buy it again tmr before my company permanently relocates to One-North ):,whyzeewhy,0.3506
2020-02-24 04:18:05+00:00,1.23E+18,Bus catches fire at one-north ,ChannelNewsAsia,0.3595
2020-02-24 04:16:34+00:00,1.23E+18,Bus catches fire at one-north ,AndyVermaut,0.3595
2020-02-24 01:27:53+00:00,1.23E+18,"Damn, a private bus got its interior and top half completely burned up, near one-north MRT station",bryandmlee,0.3595
2020-02-24 01:16:31+00:00,1.23E+18,[Notice-LTA] Accident on One-north Gateway (towards Portsdown Road) after One-north Link #SG_Alerts (09:15),SG_Alerts,0.3612
2020-02-24 01:15:09+00:00,1.23E+18,Accident on One-north Gateway (towards Portsdown Road) after One-north Link,LTAtrafficnews,0.3612
2020-02-22 08:07:06+00:00,1.23E+18,Came over first GBVS tournament today at One-north .. realise it's been 2 months since I bring my Evo Panthera outside Really look forward to competing again next month when Capcom Pro Tour starts! ,XianMSG,0.3612
2020-02-21 04:41:43+00:00,1.23E+18,Ever wondered about the journey of a start-up? Learn how Takatack grew at JTC LaunchPad @ one-north ,gtccorp1,0.3612
2020-02-19 15:35:21+00:00,1.23E+18,Who's dog would this be? bishoplawcorp @ one-north ,FootBoleh,0.3612
2020-02-18 15:47:15+00:00,1.23E+18,#Ceballos stayed at #Arsenal because he wanted to step up @ one-north,FootBoleh,0.3612
2020-02-17 09:06:41+00:00,1.23E+18,meWATCH - Ep 1 one-north ,jdaniells3,0.3612
2020-02-16 15:56:22+00:00,1.23E+18,Looks like #Buffon has been here forever.. | bishoplawcorp @ one-north ,FootBoleh,0.3612
2020-02-14 16:09:55+00:00,1.23E+18,Can you tell who this striker is? @ one-north ,FootBoleh,0.3612
2020-02-13 15:48:10+00:00,1.23E+18,#Conte isn't very happy about #Napoli's approach in the game against #Inter bishoplawcorp @ one-north ,FootBoleh,0.3612
2020-02-12 14:59:45+00:00,1.23E+18,#Throwback to the NT debut of #Rooney: @waynerooney bishoplawcorp @ one-north,FootBoleh,0.3612
2020-02-11 15:51:12+00:00,1.23E+18,Can you guess who the player is? | bishoplawcorp @ one-north,FootBoleh,0.364
2020-02-08 15:36:14+00:00,1.23E+18,esmuellert never change bishoplawcorp @ one-north,FootBoleh,0.368
2020-02-08 15:10:13+00:00,1.23E+18,"Check out new work on my @Behance profile: ""One-North Festival"" ",gary1984,0.3695
2020-02-07 15:33:03+00:00,1.23E+18,Who's your favourite? @ one-north ,FootBoleh,0.3695
2020-02-07 07:37:46+00:00,1.23E+18,@oolalelilo Better not be one-north,udderlymoosical,0.3729
2020-02-06 15:45:07+00:00,1.23E+18,Remembering the ones we lost in one of the worst tragedies that football has witnessed. @ one-north ,FootBoleh,0.3736
2020-02-06 04:09:01+00:00,1.23E+18,For S$150 to S$200 a night - depending on whether it is a peak or off-season - up to four guests can stay in one of two cabins in one-north. - Read here at: https://t.co/zBw0fKHK52 #ShippingContainer #ContainerUses #ContainerApplications #ContainerNews #ContainerHotels ,TopUniverseInc,0.3751
2020-02-05 15:59:49+00:00,1.23E+18,This is how @cristiano celebrated his birthday @ one-north ,FootBoleh,0.3774
2020-02-05 00:52:34+00:00,1.22E+18,ONE-NORTH,vinson,0.3804
2020-02-04 15:39:13+00:00,1.22E+18,.@ one-north ,FootBoleh,0.3818
2020-02-04 01:45:22+00:00,1.22E+18,"It`s surreal to see that ~250 Singapore Tech Ecosystem Players (VCs, Startups, Corporates &amp; Policy Makers) have registered for Launch of IOT TRIBE SG. Can`t wait to make a big splash tomorrow! See you at The Meeting Point, One-North at 9 AM ",pg211183,0.3818
2020-02-01 14:54:39+00:00,1.22E+18,#ManUtd have got the best of the Portuguese league in #BrunoFernandes @ one-north ,FootBoleh,0.3818
2020-01-31 15:26:10+00:00,1.22E+18,Guess who? | bishoplawcorp @ one-north,FootBoleh,0.3818
2020-01-29 15:45:09+00:00,1.22E+18,#Minamino is just what #Klopp and #LiverpoolFC wanted @ one-north ,FootBoleh,0.3818
2020-01-28 15:37:26+00:00,1.22E+18,Look who's back! #BayernMunich @ one-north ,FootBoleh,0.3818
2020-01-27 15:23:38+00:00,1.22E+18,#ManchesterCity are the best attacking team of Europe @ one-north ,FootBoleh,0.3818
2020-01-27 04:09:01+00:00,1.22E+18,Singapore's First Shipping Container Hotel Springs up in One-North. Mr Seah has launched Singapore's first hotel made using shipping containers. - Read full story here at: https://t.co/zBw0fKHK52 #ShippingContainer #ContainerUses #ContainerApplications #ContainerHotel #Singapore ,TopUniverseInc,0.3818
2020-01-26 15:40:23+00:00,1.22E+18,#TAA has been playing in a league of his own @ one-north ,FootBoleh,0.3818
2020-01-25 16:16:45+00:00,1.22E+18,"CNY Yarn Toppers Go Missing At One-North, Volunteers Who Made Them Seek Their Return",LainesduMarais,0.3818
2020-01-25 15:16:42+00:00,1.22E+18,#Felix is not a good big game player as per @casalfoto | bishoplawcorp @ one-north ,FootBoleh,0.3818
2020-01-25 14:39:17+00:00,1.22E+18,"CNY Yarn Toppers Go Missing At One-North, Volunteers Who Made Them Seek Their Return",ihengbok,0.3818
2020-01-25 03:32:34+00:00,1.22E+18,"New Mixed-Use #Condo at One-North Gateway by TID. Located at the plum site of One-North Gateway, a new exciting mixed-development will soon launch in 2020. #singapore #property #sgproperty #realestate",propertyasiadir,0.3818
2020-01-23 09:17:02+00:00,1.22E+18,Singapore's first shipping container hotel springs up in one-north via @OracleHosp @ChannelNewsAsia ,juanfrandma,0.3818
2020-01-22 12:32:02+00:00,1.22E+18,Singapore's first #shippingcontainer #hotel springs up in one-north,CGIContainer,0.3818
2020-01-22 09:38:07+00:00,1.22E+18,"RSIS Distinguished Public Lecture by Dr Adam Garfinkle on ""What Ails America on 31 Jan 2020 at NTU@one-north. ",RSIS_NTU,0.4003
2020-01-22 09:07:13+00:00,1.22E+18,Just posted a photo @ Nexus@one-north ,Thamizhan74,0.4003
2020-01-22 09:00:27+00:00,1.22E+18,Just posted a photo @ one-north MRT Station ,Thamizhan74,0.4003
2020-01-22 06:00:43+00:00,1.22E+18,#Resurrection @ one-north,Thamizhan74,0.4019
2020-01-22 05:39:36+00:00,1.22E+18,Just posted a photo @ one-north ,Thamizhan74,0.4019
2020-01-22 00:52:15+00:00,1.22E+18,Join us to celebrate the Year of Rat with lohei and a sumptuous dinner! Get to know and network with the fellow startups in LaunchPad too! 7 Feb 2020 (Fri) 5.30pm to 8pm The Meeting Point LaunchPad @ one-north ,QuestVentures01,0.4019
2020-01-21 08:36:16+00:00,1.22E+18,Just posted a photo @ Nexus@one-north ,Thamizhan74,0.4019
2020-01-21 08:27:36+00:00,1.22E+18,Just posted a photo @ Nexus@one-north ,Thamizhan74,0.4019
2020-01-21 08:27:28+00:00,1.22E+18,Just posted a photo @ Nexus@one-north ,Thamizhan74,0.4019
2020-01-21 08:27:20+00:00,1.22E+18,Just posted a photo @ Nexus@one-north ,Thamizhan74,0.4019
2020-01-20 08:56:00+00:00,1.22E+18,Just posted a photo @ Nexus@one-north,Thamizhan74,0.4019
2020-01-18 08:08:27+00:00,1.22E+18,Singapore's first shipping container hotel springs up in one-north -,KayleenGnwmythr,0.4084
2020-01-18 07:14:01+00:00,1.22E+18,#Singapore 's #first #shipping #container #hotel springs up in one-north ,najeebarqureshi,0.4199
2020-01-18 05:00:54+00:00,1.22E+18,Singapore's first shipping container hotel springs up in one-north #LetsTalkCity #Business #Hotels #ShippingContainer #Singapore #SoutheastAsia Via ,LetsTalkSG,0.4199
2020-01-18 03:53:33+00:00,1.22E+18,Singapore's first shipping container hotel springs up in one-north NEWPAPER24 ,newpaper24,0.4199
2020-01-18 02:25:29+00:00,1.22E+18,What a great idea! Singapore's first shipping container hotel springs up in one-north ,cmclarke11,0.4215
2020-01-17 16:15:16+00:00,1.22E+18,Singapore's first shipping container hotel springs up in one-north,activeredsg,0.4215
2020-01-17 12:39:32+00:00,1.22E+18,Singapore's first shipping container hotel springs up in one-north,italiasingapore,0.4215
2020-01-17 12:20:17+00:00,1.22E+18,Singapore's first shipping container hotel springs up in one-north - CNA ,rahah_ghazali,0.4215
2020-01-17 12:13:35+00:00,1.22E+18,Singapore's first shipping container hotel springs up in one-north ,AndyVermaut,0.4215
2020-01-17 12:13:34+00:00,1.22E+18,Singapore's first shipping container hotel springs up in one-north,ChannelNewsAsia,0.4215
2020-01-17 01:32:38+00:00,1.22E+18,"The Panel Discussion, jointly organised with LeidenAsiaCentre, on Global Pespectives on China's Recalibrations of Belt and Road Initiative - Lessons Learnt, Challenges and Opportunities is happening now at NTU one-north Function Hall 3! #eucentresg",EUCentreSg,0.4215
2020-01-16 01:40:59+00:00,1.22E+18,"The conference on Global Perspectives on China's Recalibrations of Belt and Road Initiative, organised together with LeidenAsiaCentre, is happening now at NTU@one-north LT 301! Looking forward to hear from the LeidenAsiaCentre researchers about their findings and research on BRI ",EUCentreSg,0.4215
2020-01-15 05:46:00+00:00,1.22E+18,Hear from three start-ups that have benefited from @jtccorp's Launchpad @ one-north. ,SingaporeMCI,0.4215
2020-01-08 13:51:49+00:00,1.21E+18,@minliangtan Razer's new HQ at one-north is located at an excellent site in Singapore's very own Silicon Valley! Wonderful that you are advancing our tech industry and placing us on the global stage!,GraceLife5,0.4215
2020-01-08 09:00:40+00:00,1.21E+18,Buona Vista: Metropolis one-north: Fusionopolis Cantonment Complex: Hellopolis,derongwords,0.4215
2020-01-07 01:47:32+00:00,1.21E+18,[Notice-LTA] Accident on One-north Link (towards Slim Barracks Rise) after Biopolis Road. Avoid right lane #SG_Alerts (09:46),SG_Alerts,0.4235
2020-01-07 01:46:57+00:00,1.21E+18,Accident on One-north Link (towards Slim Barracks Rise) after Biopolis Road. Avoid right lane,LTAtrafficnews,0.4284
2020-01-06 06:41:15+00:00,1.21E+18,"RSIS Distinguished Public Dialogue by Professor Michael E. Brown and Dr Bates Gill on US Foreign Policy in a Time of Turmoil at Home and Abroad on 9 January at Auditorium, NTU@One-North. https://t.co/xrLnIhgWEU ",RSIS_NTU,0.4404
2020-01-06 05:17:56+00:00,1.21E+18,"EU Centre &amp; Leiden Asia Centre are jointly organising a panel discussion on Global Perspective on China's Recalibrations of BRI (17 Jan 2020, 9-11.15am at NTU@one-north, Lvl 3, Function Hall 3.",EUCentreSg,0.4404
2020-01-05 09:42:28+00:00,1.21E+18,"I'm at Woobbee in one-north, Singapore ",Twenty8October_,0.4404
2020-01-04 14:36:05+00:00,1.21E+18,#ibrahimovic back in action for #ACMilan @ one-north ,FootBoleh,0.4404
2019-12-31 15:34:41+00:00,1.21E+18,"@kennesu_g the dream of working in one-north zone, bc its close to my house and a fairly decent area to work at....versus some weird industrial area that has no mrt",CyanRhapsody,0.4404
2019-12-29 02:00:24+00:00,1.21E+18,LaunchPad @ one-north houses 800 start-ups and 50 enablers such as venture capital firms and accelerators. ,sgsmesg,0.4404
2019-12-26 10:22:10+00:00,1.21E+18,"There are about 800 start-ups and 50 ecosystem players, including venture capital firms and incubators, housed in eight blocks across the 600,000 sq ft LaunchPad @ one-north. ",eng_lee7,0.4404
2019-12-26 05:00:13+00:00,1.21E+18,LaunchPad @ one-north houses 800 start-ups and 50 enablers such as venture capital firms and accelerators. The innovation enclave has also spurred the exchange of ideas and networking. ,sgsmesg,0.4404
2019-12-21 06:01:31+00:00,1.21E+18,Going towards #PayaLebar (@ one-north MRT Station (CC23) - @smrt_singapore in Singapore) ,arthurfoongwk,0.4404
2019-12-21 03:03:47+00:00,1.21E+18,Activities to try in Singapore: Tech tours around one-north ,ST_LifeTweets,0.4404
2019-12-21 03:00:27+00:00,1.21E+18,Activities to try in Singapore: Tech tours around one-north ,straits_times,0.4404
2019-12-21 01:46:05+00:00,1.21E+18,"New Mixed-Use Condo at One-North Gateway by TID Located at the plum site of One-North Gateway, a new exciting mixed-development will soon launch in 2020. https://t.co/ngCIQ42YYE ",propertyasiadir,0.4404
2019-12-19 06:09:35+00:00,1.21E+18,"Quest Ventures James Tan, in his capacity as Deputy Chairman of ACE, hosted the Party Secretary of the CPC Committee of Jianye District of Nanjing, China at JTC LaunchPad @ one-north. Representatives from JTC, Nanjing Eco Hi-tech Island Economic Development Zone Administrati",QuestVentures01,0.4404
2019-12-18 18:35:15+00:00,1.21E+18,".@Noahpinion and I don't know if there are enough of those worldwide to draw the conclusion that research parks couldn't have the random collisions needed for innovation. An example is Singapore's one-north, which is explicitly mixed-use ",dsng,0.4404
2019-12-13 03:17:55+00:00,1.21E+18,i miss one-north,kavishree__,0.4404
2019-12-12 11:19:49+00:00,1.21E+18,"Mengintip Proyek 'Silicon Valley' Singapura, One-North",medcom_id,0.4404
2019-12-12 07:47:08+00:00,1.21E+18,"I'm at Woobbee in one-north, Singapore ",Twenty8October_,0.4404
2019-12-11 03:54:52+00:00,1.20E+18,I'm at one-north MRT Station (CC23) - @smrt_singapore in Singapore ,Twenty8October_,0.4404
2019-12-09 23:09:38+00:00,1.20E+18,Death before dishonour but nothing before coffee. #akslccplays @ one-north MRT Station ,teamtrgconcepts,0.4404
2019-12-09 08:56:00+00:00,1.20E+18,"@ponquenet It's a train station, and I don't trust station names lol For example, one-North (yes the O is lower case) isn't north at all. It's central.",Cerezatomate,0.4404
2019-12-08 00:29:42+00:00,1.20E+18,At the contruction site of Razer Singapore HQ . Free Razer merchandise maybe? @minliangtan @ one-north ,rickleowsk,0.4576
2019-12-06 12:10:05+00:00,1.20E+18,I'm at one-north MRT Station (CC23) - @smrt_singapore in Singapore,Twenty8October_,0.4585
2019-11-28 10:43:16+00:00,1.20E+18,"Today, the company employs more than 60 employees with over 14 nationalities spread across two offices in Singapore's JTC LaunchPad @ one-north, a 6.5-hectare site dedicated to offering a nurturing ecosystem for startups.",RAPHAELWAHLDREN,0.4588
2019-11-25 09:55:27+00:00,1.20E+18,"GrabShuttle's demise is a real heartbreaker - Man, who has to commute to-and-fro Punggol/one-north everyday, 2019 @GrabSG",hrrslm,0.4588
2019-11-19 09:48:51+00:00,1.20E+18,"I'm at Woobbee in one-north, Singapore",Twenty8October_,0.4627
2019-11-19 09:48:33+00:00,1.20E+18,"I'm at Woobbee in one-north, Singapore",Twenty8October_,0.4696
2019-11-19 04:10:34+00:00,1.20E+18,I'm at one-north MRT Station (CC23) - @smrt_singapore in Singapore,Twenty8October_,0.4753
2019-11-14 05:54:57+00:00,1.19E+18,"I'm at Woobbee in one-north, Singapore",Twenty8October_,0.4767
2019-11-13 04:28:23+00:00,1.19E+18,I'm at one-north MRT Station (CC23) - @smrt_singapore in Singapore ,Twenty8October_,0.4767
2019-11-12 10:49:25+00:00,1.19E+18,This old man took mrt at one-North had the nerve to push me? Dude. The cabin is full. F U L L FULL. PUSH  SOME MORE. SLAP YOUR FACE,RRdzan,0.4767
2019-11-12 10:15:38+00:00,1.19E+18,"@NickDefcomhell @AerowolfProTeam Sorry for the late reply, but this was held at Bountie Arena! (Near One-North MRT)",R6SC_SG,0.4767
2019-11-09 02:00:39+00:00,1.19E+18,"Celebrating research, innovation, creativity, and enterprise at the One-North Festival held in September 2019.  #astar #sustainability #onenorthfestival",asia_biotech,0.4767
2019-11-06 19:44:15+00:00,1.19E+18,#uxjobs (SG) Product Designer (One-North Mrt | Up to $7k | Education) - Adecco Personnel - Buona Vista ,UXJOBS_ASIA,0.4767
2019-11-05 23:55:35+00:00,1.19E+18,"[NEW MEETUP] Super Simple dinner &amp; catchup, 20th Nov. Finally a new meetup event for our group. Sorry for the long wait! We're heading to Super Simple + at One-North this time and I'm allowing more attendees",coffeencravings,0.4767
2019-11-05 10:50:24+00:00,1.19E+18,SHIT damn guilty I just mistook the one-north junction for Kent Ridge and told the wrong directions to an old couple. Oh my god I hope someone helps them.,wanqiho,0.4829
2019-11-05 10:20:57+00:00,1.19E+18,Upcoming Coffee &amp; Cravings Meetup: Super Simple dinner &amp; catch up (one-north),GeekyElephant,0.4829
2019-11-02 08:44:00+00:00,1.19E+18,Something I wrote for a creative / tech space at one-north Soundtrack for Alice Trailers,theanaloggirl,0.4829
2019-10-31 07:10:37+00:00,1.19E+18,".@ufitsingapore , Singapore's largest independently ownedfitness community is moving into a new era with integrated hubs &amp; digital transformation! There will be 3 UFIT Integrated Hubs (Club St, Orchard &amp; One-North)",BLLNR,0.4829
2019-10-30 02:30:00+00:00,1.19E+18,"What role does science and technology play in shaping our future? Here's what Mr. Masagos Zulkifli, Singapore's Minister for the Environment and Water Resources, shared during the Leaders in Science Forum at the one-north Festival 2019! ",astar_research,0.4829
2019-10-25 02:15:07+00:00,1.19E+18,Loveee the smell of freshly baked breads at One-North,SyakirahMalik,0.4829
2019-10-24 10:04:50+00:00,1.19E+18,I'm at one-north MRT Station (CC23) - @smrt_singapore in Singapore ,pheobetan,0.4829
2019-10-19 06:29:59+00:00,1.19E+18,Wondering how you can get to Bountie Arena for the 2019 League of Legends World Championship Finals Viewing Party Heres a video guideNearest MRT Station One-North Circle LineSign up for the event here leagueoflegends worlds2019 esports ,esportspush,0.4829
2019-10-19 06:28:01+00:00,1.19E+18,Wondering how you can get to Bountie Arena for the 2019 League of Legends World Championship Finals Viewing Party? Here's a video guide! Nearest MRT Station: One-North (Circle Line) Sign up for the event here: https://t.co/tABCvLSj0w #leagueoflegends #worlds2019 #esports ,CresmosGG,0.4829
2019-10-18 00:48:03+00:00,1.18E+18,3rd one is like gbtb and 4th is like sutd and pretty sure some buildings in one-north look like the 2nd pic so it's not a total fail? ,whatamirakal,0.4829
2019-10-17 04:01:44+00:00,1.18E+18,I'm at one-north MRT Station (CC23) - @smrt_singapore in Singapore ,Twenty8October_,0.4829
2019-10-16 09:20:49+00:00,1.18E+18,I'm at one-north MRT Station (CC23) - @smrt_singapore in Singapore ,Twenty8October_,0.4829
2019-10-13 23:29:10+00:00,1.18E+18,As JEDTrade approaches it's second year. We are happy to reveal our new location at Blk 79 and jed.enterprise Look our for us sgfintechfest ! @ CC23 One-North Station,ErnieTeo,0.4926
2019-10-08 02:00:00+00:00,1.18E+18,"Hands up if you were at the one-north Festival in Sep! This year's theme was Innovating for a Sustainable Planet. From growing seafood from cells to using AI in healthcare, we saw how science &amp; tech can transform the way we live for a more sustainable future! #onf2019",astar_research,0.4926
2019-10-05 06:03:22+00:00,1.18E+18,I'm at one-north MRT Station (CC23) - @smrt_singapore in Singapore,Twenty8October_,0.4926
2019-10-04 14:01:13+00:00,1.18E+18, Throw back a couple of years to Eric Parry Architects proposal for Rochester Park in Singapore. From their website. Rochester Park competition entry focused on creating a venue that can enhance the vibrancy of the one-north community through ,DBOXglobal,0.4939
2019-10-02 15:35:37+00:00,1.18E+18,"Kickboxing Federation of Singapore will be down at JTC 'Fantastic Fridays' at One-North Biopolis this Friday, 4 October 2019 to spread the sport of Kickboxing! So do drop by during lunch time, for those who are.",activeredsg,0.4939
2019-09-26 05:49:19+00:00,1.18E+18,"The one-north business park of Singapore has recently held a car-free weekend, in efforts to reduce carbon emissions from car usage. ",circularciti,0.4939
2019-09-25 12:13:47+00:00,1.18E+18,I'm at one-north MRT Station (CC23) - @smrt_singapore in Singapore,Twenty8October_,0.4939
2019-09-25 06:47:42+00:00,1.18E+18,Body is at one-north but my mind is at SG port center. wanna see Renfu again.,Yangcaiyun5566,0.4939
2019-09-25 04:55:44+00:00,1.18E+18,SG is a one of our best partner that they can connect us to WORLD market. We should learn from them and corporate. S'pore students studying in one-north Cold Storage on Sunday is peak S'pore,agentK21191607,0.4939
2019-09-24 17:36:47+00:00,1.18E+18,Hawaiian #burger #foodadik #foodbarn #notmylunch #xperia1cam #jedwinphotography @ Fusionopolis One-North Business Park ,wind_e77,0.4939
2019-09-24 17:31:00+00:00,1.18E+18,#carbonara #foodadik #foodbarn #mylunch #xperia1cam #jedwinphotography @ Fusionopolis One-North Business Park,wind_e77,0.4939
2019-09-24 17:28:04+00:00,1.18E+18,#carbonara #foodadik #foodbarn #mylunch #xperia1cam #jedwinphotography @ Fusionopolis One-North Business Park ,wind_e77,0.4939
2019-09-24 07:16:30+00:00,1.18E+18,"S'pore students studying in one-north Cold Storage on Sunday is peak S'pore//  @sooniejpg if sgeans resort to studying in a supermarket in the middle of nowhere on a sunday , i think the libraries might b impossible ",323KIBOU,0.4939
2019-09-23 23:43:54+00:00,1.18E+18,Bismillah... May Allah ease our affairs... @ Nexus@one-north ,jailanimahmood,0.4939
2019-09-23 08:14:25+00:00,1.18E+18,S'pore students studying in one-north Cold Storage on Sunday is peak S'pore ,yperic,0.4939
2019-09-23 06:00:35+00:00,1.18E+18,S'pore students studying in one-north Cold Storage on Sunday is peak S'pore ,MothershipSG,0.4939
2019-09-23 05:01:02+00:00,1.18E+18,one-north!!!,widiasmoro,0.4939
2019-09-22 20:16:40+00:00,1.18E+18,"@tessa_wong One-north Cold Storage? I have to admit, the two meeting rooms they have are pretty useful.",808sAndInnovate,0.4939
2019-09-21 16:44:51+00:00,1.18E+18,#ThrowBack: We all finally made it after 6weekz!!! #ClinicalInstructorCourse #ClinicalInstructorCertified @ Nexus@one-north ,casshada,0.4939
2019-09-21 13:43:50+00:00,1.18E+18,"Fire breaks out at multi-storey house in Wilton Close, near one-north ",MothershipSG,0.4939
2019-09-21 11:27:33+00:00,1.18E+18,WATCH: @SCDF on the scene of a fire at Wilton Close near one-north,ChannelNewsAsia,0.4939
2019-09-21 11:15:27+00:00,1.18E+18,FIRE NEAR ONE-NORTH: Firefighters battling flames at what appears to be a house at Wilton Close,ChannelNewsAsia,0.4939
2019-09-20 17:55:02+00:00,1.18E+18,"ICYMI: Those were some of the big names that joined in the fun at GROW's Meet The Cohort on September 11, at its new #Singapore headquarters at the LaunchPad @ one-north. ",AgFunder,0.4939
2019-09-20 05:50:46+00:00,1.17E+18,I'm at one-north MRT Station (CC23) - @smrt_singapore in Singapore,Twenty8October_,0.4939
2019-09-18 07:45:46+00:00,1.17E+18,@frae91 Aha na? Kanang sa one-north?,yoo_ris,0.4939
2019-09-18 05:01:59+00:00,1.17E+18,No N95 masks anywhere around one-north... it's all sold out at retail stores. Help! #SGHaze,kylemalinda,0.4939
2019-09-18 02:00:25+00:00,1.17E+18,"There were some of the big names that joined in the fun at GROWs Meet The Cohort on September 11, at its new #Singapore headquarters at the LaunchPad @ one-north. ",AgFunder,0.4939
2019-09-17 12:34:47+00:00,1.17E+18,J walked all the way under the sun from one-north to schl just to give me a hug I'm so so grateful for him.. please let him be permanent in my life.,cig4rettelips,0.4939
2019-09-17 03:53:59+00:00,1.17E+18,I'm at one-north MRT Station (CC23) - @smrt_singapore in Singapore,Twenty8October_,0.4939
2019-09-16 12:26:11+00:00,1.17E+18,#ramen bowl #foodadik #foodcourt #notmylunch #xperia1cam #jedwinphotography @ Fusionopolis One-North Business Park,wind_e77,0.4939
2019-09-16 12:16:39+00:00,1.17E+18,#mylunch today... #chickentikka set meal #foodadik #foodcourt #xperia1cam #jedwinphotography @ Fusionopolis One-North Business Park ,wind_e77,0.4939
2019-09-16 03:20:42+00:00,1.17E+18,Spotlight on sustainability at one-north Festival: A*Star-Essec Business School Innovation Pitch Competition featured on @STcom. ,ESSEC_AP,0.4939
2019-09-14 07:06:07+00:00,1.17E+18,"Spotlight on sustainability at one-north Festival, Environment News &amp; Top Stories - The Straits Times",ToGovern,0.4939
2019-09-13 13:57:33+00:00,1.17E+18,Curious about what to expect for one-north Festival 2019 tomorrow? Find out more in our special feature on The Smart Local! #onenorthfestival2019 #onf2019 ,xj_loh,0.4939
2019-09-13 09:33:33+00:00,1.17E+18,The one-north Festival opens with a focus on sustainability ,straits_times,0.4939
2019-09-13 08:04:04+00:00,1.17E+18,"#SCELSE #scicomms on another lab tour at one-north festival! Allergen testing at Singapore Immunology Network (SIgN): cats, wheat, grass mix etc and........ dust mites! Thanks to Dr Anand Kumar Andiappan for the session! @astar_research @Astarhq Wash your sheets this weekend!",SCELSE_SG,0.4964
2019-09-13 06:32:54+00:00,1.17E+18,".@CoastalLabNTU giving a talk at the one-north Festival about the roles scientists, governments, and the media can play in the growth of sustainable development. ",EOS_SG,0.504
2019-09-13 05:40:50+00:00,1.17E+18,Surprise! Bumped into our ex imaging facility staff Talgat at the one-north festival! We're pleased to see his next career step in the world of #imaging! Talgat was instrumental in coming up with our #SCELSE microphotography imaging contest,SCELSE_SG,0.504
2019-09-13 04:45:10+00:00,1.17E+18,".@kjianh demonstrating one of the #DynamicEarthGames, 2 Farm 2 Furious, at the one-north Festival. Learn more about the games at https://t.co/dapcmFCaSE ",EOS_SG,0.508
2019-09-13 03:31:52+00:00,1.17E+18,"We are at the one-north Festival today and tomorrow. Come by to play a game of Sneaky Volcano or Earth Girl Volcano, or for a chat! ",EOS_SG,0.5086
2019-09-12 07:02:57+00:00,1.17E+18,"#URANews: We have awarded the tenders for three sites at Tan Quee Lan Street, Bernam Street and one-north Gateway",URAsg,0.5093
2019-09-12 07:01:03+00:00,1.17E+18,Chanced upon this little gem of a Japanese eatery by accident when I was at Galaxis near one-north mrt. This is their Kaisen Don ($16) with different kinds of sashimi on top of a bowl of yummy vinegared rice. ,brunchmonsta,0.5093
2019-09-09 10:10:39+00:00,1.17E+18,I'm at one-north MRT Station (CC23) - @smrt_singapore in Singapore ,Twenty8October_,0.5093
2019-09-09 09:28:18+00:00,1.17E+18,TID beats eight others with highest bid of $155.7 mil for one-north Gateway site https://t.co/nsFtlyFX2E ,edgepropsg,0.5106
2019-09-09 09:20:21+00:00,1.17E+18,"Join us at the one-north Festival! Play Sneaky Volcano at our booth to win goodies. Sign up for our Fri talks on #scicomm by @shireenfederico &amp; @kjianh, and on sustainable development in the face of disasters by @CoastalLabNTU ",EOS_SG,0.5106
2019-09-09 06:24:00+00:00,1.17E+18,Strong interest in the one-north #GLS site unsurprising due to its palatable size and strategic location. @DesmondSim6 also comments on the muted response of the other two sites @BusinessTimes ,CBRESingapore,0.5106
2019-09-08 17:45:36+00:00,1.17E+18,"I'm selling my One-North Galaxis Work Loft For Rent for S$2,600 ",dicklow888,0.5106
2019-09-08 11:05:12+00:00,1.17E+18,The one-north Gateway site received nine bids at the close of the tender on September 5. The top bid of $155.7 million was submitted by TID Residentia LATEST Real Estate News or Property Related News in Singapore ,propertytoclick,0.5106
2019-09-07 10:09:34+00:00,1.17E+18,TID submitted the highest of nine bids for GLS site at one-north Gateway. Bidding reflects pent-up demand as the last residential site offered for sale at one-north was in 2005.,Jennyxie83,0.5106
2019-09-07 04:00:16+00:00,1.17E+18,TID beats eight others with highest bid of $155.7 mil for one-north Gateway site https://t.co/ffPYKisJmn https://t.co/fKLjW0Ef2Z,edgepropsg,0.5106
2019-09-06 15:44:00+00:00,1.17E+18,"#highschool #students during an ideation workshop at ESSEC Business School, Asia-Pacific @ESSEC_AP as part of the one-north Festival with @astar_research in #Singapore Read more about the #innovation; #Sustainability initiative @The_CoBS",The_CoBS,0.5106
2019-09-06 05:41:24+00:00,1.17E+18,- one-north Gateway site garners 9 bids in latest round of tenders: URA - SINGAPORE - The one-north Gateway site attracted nine bids by the time the tender process for it and two other plots closed on Thursday (Sept 5).. Read more at straitstimes,ClickPropertys1,0.5106
2019-09-06 05:37:22+00:00,1.17E+18,The one-north Gateway site attracted nine bids by the time the tender process for it and two other plots closed on Thursday (Sept 5),NewCondoLaunch,0.5106
2019-09-06 02:12:41+00:00,1.17E+18,one-north Gateway site garners 9 bids in latest round of tenders: URA @URAsg #OneNorthGateway #LetsTalkCity #Business #RealEstate #Property #Singapore #SoutheastAsia Via,LetsTalkSG,0.5106
2019-09-06 01:29:43+00:00,1.17E+18,"#URANews: We have closed tenders for three sites at Tan Quee Lan Street, Bernam Street and one-north Gateway. Read more",URAsg,0.5106
2019-09-05 21:32:47+00:00,1.17E+18,"9 bids for one-north Gateway site, with top offer of $155.7m ",amirhamidcom,0.5106
2019-09-05 15:02:15+00:00,1.17E+18,one-north Gateway site garners 9 bids in latest round of tenders: URA ,amirhamidcom,0.5149
2019-09-05 13:48:01+00:00,1.17E+18,one-north Gateway site garners 9 bids in latest round of tenders: URA ,straits_times,0.5202
2019-09-03 02:17:25+00:00,1.17E+18,I'm at one-north MRT Station (CC23) - @smrt_singapore in Singapore,Twenty8October_,0.5233
2019-09-01 21:40:51+00:00,1.17E+18,"Lebih banyak ruang bagi pejalan kaki di one-north, Berita Setempat ",BeritaHarianSG,0.5267
2019-09-01 10:01:03+00:00,1.17E+18,"Huge thanks to urasingapore for having us during car-free weekend in Fusionopolis, one-north! We had so many people enjoying the wind in their hair... the queue lasted til closing time! We look forward to being at",CWA_SG,0.5267
2019-08-30 11:54:25+00:00,1.17E+18,"One-North goes car-free today and tomorrow!  Cycling enthusiasts of all ages can enjoy different cycling activities catered for them, followed by a meal at Singapore's first Eco Food Truck Street at Fusionopolis Way. #TGIF   Image credit: JTC and URA",MNDSingapore,0.5267
2019-08-29 07:01:40+00:00,1.17E+18,#urbanphotography #reflection #reflectionphotography #iphonephoto #urbanlandscape #building #waterfeature #photooftheday #futuristicbuilding #modernbuilding #singapore Nexus one-north,johngoh,0.5267
2019-08-27 06:26:31+00:00,1.17E+18,"#naomichanreports2019 TQVM Agency for Science, Technology and Research (A*STAR) One-north Festival 2019 Organisers for this prize - 3-in-1 travel organiser and a travel tumbler !",naomicpk,0.5267
2019-08-26 15:47:22+00:00,1.17E+18,"Car-free event at one-north this weekend to feature eco-friendly food trucks, outdoor movies",straits_times,0.5267
2019-08-26 13:43:51+00:00,1.17E+18,URAsg jtccorp Hey almost every Saturday already don't have many cars on road. Your activity are so lucky to pick one-north. I shall not do my regular run on that day. Will drop by and walk instead! Its a good to have car-free day! Keep it up! Thank you.,iPlaySlowly,0.5411
2019-08-26 01:36:37+00:00,1.17E+18,I'm at one-north MRT Station (CC23) - @smrt_singapore in Singapore,Twenty8October_,0.5411
2019-08-24 15:17:39+00:00,1.17E+18,the cheese tofu from one-north koufu's mala shop be hitting different,kavishree__,0.5423
2019-08-22 02:35:33+00:00,1.16E+18,"one-north Executive Centre ITCC 2019 Shuji Nishikawa, Osamu Uchida, Keisuke Utsu, ""Analysis of Rescue Request Tweets in the 2018 Japan Floods""",utsuken_tokai,0.5423
2019-08-21 00:43:32+00:00,1.16E+18,"Congratulations to Frances Neele Vergonio for winning Best Paper Presentation in the ITCC 2019 held at NTU@one-north Executive Centre, Singapore last August 16-18 2019. With her are Prof. John Paul Tomas and Dr. Larry Vea. #SoITMapuaUniv #EducationfortheGlobalandDigitalAge",soitmapuauniv,0.5574
2019-08-20 00:57:27+00:00,1.16E+18,are you coming back to Singapore in September for the one-north festival?,icedwater,0.5574
2019-08-19 01:34:35+00:00,1.16E+18,I'm at one-north MRT Station (CC23) - @smrt_singapore in Singapore,Twenty8October_,0.5574
2019-08-16 23:11:27+00:00,1.16E+18,THE FUTURE OF EVERYONE One-North Festival 2019 Innovating For A Sustainable Plant,emikofrancois,0.5574
2019-08-14 19:43:49+00:00,1.16E+18,"Bountie Arena brings esports, gaming and darts to one-north #WP #NewBROOKLYN #NyC #IAintDoneYet #KAYA #RSKTKRS #LONELY #THEWOLFOFFLOSSSTREET #WHATITSGONNABE #ROLLIN2x",willpowerentllc,0.5622
2019-08-14 04:05:27+00:00,1.16E+18,"If you happen to be around one-north area this coming Friday, please feel free to drop by.",IndraPr,0.5622
2019-08-13 12:17:01+00:00,1.16E+18,"Get the chance to experience this unique opportunity in a tech company by visiting us at our office in (One-North MRT) Symbiosis #05-21, Singapore 138633. #SecureAPlus #SecureAge #AntiVirus #Software #CyberSecurity #CyberAttack #Malware #Ransomware",SecureAge,0.57
2019-08-13 04:44:05+00:00,1.16E+18,"uxjobs (SG) UI/UX Designer (Up to $4.5k, One-North, Dynamic Environment) - Adecco Personnel - Singapore",UXJOBS_ASIA,0.5707
2019-08-13 01:00:56+00:00,1.16E+18,I'm at one-north MRT Station (CC23) - @smrt_singapore in Singapore,Twenty8October_,0.5719
2019-08-10 09:43:06+00:00,1.16E+18, (@ one-north MRT Station (CC23) - @smrt_singapore in Singapore),yarnandkitty,0.5719
2019-08-09 23:55:22+00:00,1.16E+18,"Singapore's innovation hub gets lively with Bountie Arena, a new hangout above one-north MRT that's more than your just your typical LAN cafe. There's an esports stage, console gaming lounge and even a ""gourmet instant noodle cafe"" take a look! #ICYMI ",hardwarezone,0.5719
2019-08-07 12:06:19+00:00,1.16E+18,"Esports, darts, and Indomie: Bountie Arena opens in the heart of One-North, Digital, Singapore News - AsiaOne",pdelatorrerocha,0.5719
2019-08-06 13:33:32+00:00,1.16E+18,#pinkypiggunicole made a visit to Min Jiang! The Chinese restaurant has relocated to the lush Dempsey Hill after spending more than a decade at One-North. Love its gorgeous space especially when there's still,pinkypiggu,0.5733
2019-08-06 10:55:53+00:00,1.16E+18,"BountieArena opens the first #eSport and gaming lifestyle store in the Lion City. Situated in Fusionopolis at One-North, the store occupies 6,600 square foot of pure gaming experience at the basement of the Connexis Tower. #gaming #news",techedt,0.5839
2019-08-06 10:05:39+00:00,1.16E+18,I'm at one-north MRT Station (CC23) - @smrt_singapore in Singapore,Twenty8October_,0.5848
2019-08-06 03:13:46+00:00,1.16E+18,"Singapore's innovation hub gets lively with Bountie Arena, a new hangout above one-north MRT that's more than your just your typical LAN cafe. There's an esports stage, console gaming lounge and even a ""gourmet instant noodle cafe"" take a look! #ICYMI",hardwarezone,0.5859
2019-08-05 15:44:09+00:00,1.16E+18,"uxjobs (SG) UI/UX Designer (Up to $4.5k, One-North, Dynamic Environment) - Adecco Personnel - Singapore",UXJOBS_ASIA,0.5859
2019-08-05 05:07:05+00:00,1.16E+18,Tried out the Atari Pong coffee table and a quick drag race in Need for Speed. And I am equally bad in both! I am glad to just have to launch Bountie Esports Arena at One-North last week.,YamKeng,0.5859
2019-08-03 00:00:02+00:00,1.16E+18,I will be giving a talk at the One-north Festival 2019 Register now and I will presenting on my latest sustainability products!! #astar #science #sustainability,xj_loh,0.5859
2019-08-02 10:47:48+00:00,1.16E+18,"Singapore's innovation hub gets lively with Bountie Arena, a new hangout above one-north MRT that's more than your just your typical LAN cafe. There's an esports stage, console gaming lounge and even a ""gourmet instant noodle cafe"" take a look!",hardwarezone,0.5859
2019-08-02 04:00:01+00:00,1.16E+18,"Esports, darts, and Indomie: Bountie Arena opens in the heart of one-north ",mcccxx,0.5859
2019-08-01 12:21:15+00:00,1.16E+18,"Esports, darts, and Indomie: Bountie Arena opens in the heart of One-North",asiaonecom,0.5927
2019-07-31 11:41:22+00:00,1.16E+18,one-north tation is all lowercase,hlungx,0.5983
2019-07-31 01:16:16+00:00,1.16E+18,Ishin Startup Summit Singapore 2019 $950 SGD,uniunichan,0.5994
2019-07-30 01:03:52+00:00,1.16E+18,At one-north for half a day. Anyone up for lunchhhh?,marqisezech,0.5994
2019-07-23 19:27:47+00:00,1.15E+18,SMRT C830 002 Train ride from Buona Vista to one-north (one-north),scottsdigital,0.5994
2019-07-23 05:04:29+00:00,1.15E+18,I'm at one-north MRT Station (CC23) - @smrt_singapore in Singapore,Twenty8October_,0.5994
2019-07-22 16:13:43+00:00,1.15E+18,"Interestingly the commute from Yishun to one-north felt remarkably similar to the commute from Ashby in Berkeley to, say, 16th Street Mission in SF. About the same amount of time, similar mid-journey train switch",visakanv,0.6059
2019-07-18 10:20:26+00:00,1.15E+18,"The shock reactions I get whenever I tell them where I stay. I mean, it's not like I work at One-north at least, it's only orchard",ichigoaiscream,0.6114
2019-07-17 00:45:14+00:00,1.15E+18,I'm at one-north MRT Station (CC23) - @smrt_singapore in Singapore,Twenty8October_,0.6114
2019-07-16 15:24:09+00:00,1.15E+18,intricate one-north station architecture,comrade_walther,0.6124
2019-07-08 09:53:40+00:00,1.15E+18,Yes. But they call for it as they've always worked for one-north.,JosephUbiagba,0.6124
2019-07-08 03:43:17+00:00,1.15E+18,New mixed-use GLS site at one-north launched for tender,edgepropsg,0.6124
2019-07-04 00:48:46+00:00,1.15E+18,[Queenstown] Tyranitar - Level: 4 - CP: 37599 Gym name: Nexus@one-north Moveset: Iron Tail - Stone Edge Gender: Female Start: 08:42:13AM End: 09:27:13AM Location: 1 Fusionopolis Link - Google Maps Current Team: Valor #raidex #raidexpass #pokemongo,FlyRaids,0.6124
2019-07-03 03:18:50+00:00,1.15E+18,[Queenstown] Mawile - Level: 2 - CP: 9008 Gym name: Nexus@one-north Moveset: Bite - Iron Head Gender: Female Start: 11:19:15AM End: 12:04:15PM Location: 1 Fusionopolis Link - Google Maps Current Team: Valor,FlyRaids,0.6124
2019-07-01 12:37:53+00:00,1.15E+18,"RSIS Distinguished Public Lecture by His Excellency Dr Dionsio da Costa Babo Soares on Timor-Leste: Celebrating the 20th Anniversary of the Referendum from Past to Present on 8 July at Lecture Theatre 301, Level 3, NTU@one-north.",RSIS_NTU,0.6294
2019-06-30 18:00:28+00:00,1.15E+18,New meetup slot @ One-north have been added on 3 July. Pls confirm by 2 July 8PM! #jeongjuGOmeetups,superjeongju,0.6294
2019-06-30 05:37:25+00:00,1.15E+18,Smoking cabin that turns cigarette smoke into clean air launched in one-north,levonaustria,0.6369
2019-06-30 04:50:00+00:00,1.15E+18,Opening Ceremony: It'll take place in the Auditorium [AUD 302] at NTU@one-north from 8.45am-10.15am. Please join us to hear from our Keynote Speakers Professor Chan Heng Chee and Professor @CameronThies at the @ISAAsiaPacific 2019 ,ISAAsiaPacific,0.6369
2019-06-28 06:04:42+00:00,1.14E+18,The one-north site is likely to receive competitive bids from #developers who need to replenish their #land bank. DesmondSim6 CBREResearch shares with STcom. URAsg #singapore #residential #property,CBRESingapore,0.6369
2019-06-28 03:02:20+00:00,1.14E+18,"#URANews: We released sale sites at one-north Gateway, Hillview Rise and Dunman Road. View more here:",URAsg,0.6369
2019-06-27 23:35:20+00:00,1.14E+18,New mixed-use GLS site at one-north launched for tender ,edgepropsg,0.6408
2019-06-27 09:48:08+00:00,1.14E+18,"Government sites at one-north Gateway, Hillview Rise and Dunman Road up for sale",ChannelNewsAsia,0.6408
2019-06-27 08:08:15+00:00,1.14E+18,I'm at one-north MRT Station (CC23) - @smrt_singapore in Singapore,abalonepg,0.6408
2019-06-27 08:04:45+00:00,1.14E+18,Gearing up for the International Studies Association Asia-Pacific Conference 2019 at NTU one-north from July 4-6.,ISAAsiaPacific,0.6468
2019-06-27 07:18:22+00:00,1.14E+18,"Top story: URA launches one-north Gateway site for tender; Hillview Rise and Dunman Road sites up for application, Property News; Top Stories - The Straits Times, see more",Personal_editio,0.6476
2019-06-27 04:06:06+00:00,1.14E+18,URA launches one-north Gateway site for tender; Hillview Rise and Dunman Road sites up for application,stbusinessdesk,0.6476
2019-06-27 04:05:27+00:00,1.14E+18,URA launches one-north Gateway site for tender; Hillview Rise and Dunman Road sites up for application,straits_times,0.6486
2019-06-27 03:59:16+00:00,1.14E+18,URA releases one-north Gateway site for tender; Hillview Rise and Dunman Road sites up for application,lushhomemedia,0.6486
2019-06-27 03:41:45+00:00,1.14E+18,URAsg releases one-north Gateway site for tender; Hillview Rise and Dunman Road sites up for application,BusinessTimes,0.6486
2019-06-21 02:51:35+00:00,1.14E+18,Nsquared Barbecue Review: Affordable Flame-Grilled Meats Below $10 At One-north,makaneric,0.6486
2019-06-20 08:18:33+00:00,1.14E+18,"RSIS Distinguished Public Lecture by Mr Frank Kendall on The Implications of Emerging Technology for Peace and Security in the Region and Globally on 26 June at Lecture Theatre 301, Level 3, NTU@one-north.",RSIS_NTU,0.6486
2019-06-17 10:40:25+00:00,1.14E+18,"High-tech B1 industrial space for Rent Grande Building - 8 Commonwealth Lane, Singapore 149555 Sizes 797-8860sqft, Rental from $2391 *Close proximity to One-North *5 mins walk to Commonwealth MRT HURRY CONTACT ME (ALEX HAN) @ 9338 8407 NOW!",alexhansg76,0.6486
2019-06-14 06:09:53+00:00,1.14E+18,I am going to be working at one-north for the next 3 months. Will definitely miss TTSH and my ITD colleagues.,r__eubs,0.6486
2019-06-13 01:43:18+00:00,1.14E+18,"The Policy Dialogue on Collaborative Approaches to Implementing the United Nations SDG Agenda is happening now at NTU @ one-north, Function Hall 3!",EUCentreSg,0.6486
2019-06-10 10:23:28+00:00,1.14E+18, How dare you that is like the only bubble tea at one-north,TextFont,0.6486
2019-06-08 04:41:44+00:00,1.14E+18,One-north draws big players with its vibrant tech buzz,CondosofSg,0.6486
2019-06-06 04:49:06+00:00,1.14E+18,"The Policy Dialogue on ""Collaborative Approaches to Implementing the United Nations SDG Agenda"" will be held on 13 Jun, 9.30am at Function Hall 3, NTU @ one-north. **Note: Change of venue to Function Hall 3**",EUCentreSg,0.6486
2019-06-05 19:15:00+00:00,1.14E+18,Check out liveoneillinois  this Thursday for a FREE event 4:30pm - 8pm!! Tour their upgraded models at ONE-North and ONE-South! They are even providing FREE lyft rides!! #Illini #ILLINOIS #uiuc #chambana,DailyIlliniAds,0.6486
2019-06-02 03:05:03+00:00,1.14E+18,"Hey LTAsg, can you see this traffic light? Me neither. Intersection of Portsdown Rd, one-North Gateway and Fusionopolis Way.",mmazur,0.6486
2019-05-31 06:53:36+00:00,1.13E+18,Smoking cabin that turns cigarette smoke into clean air launched in one-north,gregy30cruz1,0.6486
2019-05-29 01:54:23+00:00,1.13E+18,Smoking cabin that turns cigarette smoke into clean air launched in one-north,arnulfo50cansec,0.6486
2019-05-28 14:53:49+00:00,1.13E+18,Smoking cabin that turns cigarette smoke into clean air launched in one-north,pepefernz60,0.6486
2019-05-28 13:12:43+00:00,1.13E+18,"""Goldfish"" Dumpling? Blue Pea Truffle Vegetable Dumpling?? Love these exquisite dim sum from Min Jiang which has recently from One-North to a gorgeous new home at Dempsey @ Min Jiang at Goodwood Park Hotel",pinkypiggu,0.6486
2019-05-27 02:39:09+00:00,1.13E+18,Min Jiang at One-North Migrates To Dempsey,mshannahchia,0.6486
2019-05-26 20:46:22+00:00,1.13E+18,Min Jiang @ Dempsey Hill - Relocating From One-North To Dempsey Hill,TokyoGourmand,0.6486
2019-05-26 03:28:02+00:00,1.13E+18,One-north draws big players with its vibrant tech buzz,DiamondBLoans,0.6486
2019-05-25 11:13:39+00:00,1.13E+18,Smoking cabin that turns cigarette smoke into clean air launched in one-north,AyeiLoza22,0.6486
2019-05-25 09:28:08+00:00,1.13E+18,Smoking cabin that turns cigarette smoke into clean air launched in one-north,SinagMagno,0.6486
2019-05-25 06:21:09+00:00,1.13E+18,Smoking cabin that turns cigarette smoke into clean air launched in one-north,lianned14,0.6486
2019-05-25 04:59:30+00:00,1.13E+18,Smoking cabin that turns cigarette smoke into clean air launched in one-north,yumidayap25,0.6486
2019-05-25 04:22:17+00:00,1.13E+18,Smoking cabin that turns cigarette smoke into clean air launched in one-north,marlim1172,0.6486
2019-05-25 03:25:43+00:00,1.13E+18,Smoking cabin that turns cigarette smoke into clean air launched in one-north,jaepaz3,0.6486
2019-05-24 06:30:12+00:00,1.13E+18,"We're moving to One North! Esri is expanding its footprint in Singapore with a new office, Esri @ One-North which will complement Esri @ Edward Boustead Centre in Ubi. We look forward to welcoming you at our new offices.",EsriSingapore,0.6486
2019-05-24 02:43:45+00:00,1.13E+18,"One-North Korea, One-Policy",kimjungil2,0.6486
2019-05-23 07:45:48+00:00,1.13E+18,"You are cordially invited to the Policy Dialogue on ""Collaborative Approaches to Implementing the United Nations SDG Agenda"". Held on Thurs, 13 Jun 19 (9.30am 12.30pm) at Seminar Room 901, NTU @ one-north, Singapore.",EUCentreSg,0.6486
2019-05-23 05:05:32+00:00,1.13E+18,Smoking cabin brings one-north a breath of fresh air,ducdemontebello,0.6486
2019-05-23 02:52:21+00:00,1.13E+18,"One-North Korea, One-Policy",kimjungil2,0.6486
2019-05-22 14:11:01+00:00,1.13E+18,Like a PW project come to life! First smoking cabin to counter second-hand smoke launched in one-north,ms_azra,0.6486
2019-05-22 13:09:36+00:00,1.13E+18,Smoking cabin that turns cigarette smoke into clean air launched in one-north via @ChannelNewsAsia,rahah_ghazali,0.6486
2019-05-22 04:45:00+00:00,1.13E+18,Smoking cabin brings one-north a breath of fresh air,straits_times,0.6486
2019-05-22 02:45:07+00:00,1.13E+18,Smoking cabin that turns cigarette smoke into clean air launched in one-north - CNA,amsyam00,0.6486
2019-05-21 09:35:12+00:00,1.13E+18,First smoking cabin to counter second-hand smoke launched in one-north ,jasonngyl,0.6486
2019-05-21 09:25:24+00:00,1.13E+18,Smoking cabin that turns cigarette smoke into clean air launched in one-north via @ChannelNewsAsia,SCAPS7,0.6486
2019-05-21 07:38:38+00:00,1.13E+18,Smoking cabin that turns cigarette smoke into clean air launched in one-north,zyiteblog,0.6486
2019-05-21 07:27:34+00:00,1.13E+18,Smoking cabin that turns cigarette smoke into clean air launched in one-north,ChannelNewsAsia,0.6486
2019-05-21 07:16:05+00:00,1.13E+18,Smoking cabin that turns cigarette smoke into clean air launched in one-north,sgpressrelease,0.6486
2018-04-30 00:00:00+00:00,9.91E+17,First-of-a-kind drone showcase at first Car-Free Sunday at one-north,TODAYonline,0.6486
2018-04-29 11:00:26+00:00,9.91E+17,First-of-a-kind drone showcase at first Car-Free Sunday at one-north,SGTweetings,0.6486
2018-04-29 02:17:57+00:00,9.90E+17,CarFreeSunday at One-North. @ one-north MRT Station,MightyVeloSG,0.6486
2018-04-27 13:00:05+00:00,9.90E+17,"Here comes the weekend! This Sunday, fly drones through an obstacle course or have your photos taken from a drone at Car Free Sunday (One-North)!",JustFlyIt,0.6486
2018-04-27 08:42:28+00:00,9.90E+17,"#WeekendPicks: The inaugural 'Keep Clean, Singapore! Walk' at Car-Free Sunday SG will be taking place on Sunday, 29 April at one-north! Co-organised by JTC & URA, this will be the first Car-Free Sunday outside...",MSEsingapore,0.6486
2018-04-27 08:15:46+00:00,9.90E+17,[Event] interact.think @ one-north: Let's Discuss #Diabetes on 11th May 2018 #event #biomedicalsciences #healthcareEvents via Biotechin.Asia,biotechinasia,0.6486
2018-04-27 05:30:28+00:00,9.90E+17,The weekend is here! We have a drone-filled #CarFreeSundaySG planned for you. Drone enthusiasts can fly your drones at a designated safe flying zone @ one-north this Sunday. Drone-flying instructors will also be available for tips on drone flying.y,SingaporeCAAS,0.6486
2018-04-27 03:56:31+00:00,9.90E+17,Don't miss out on the drone showcase @ one-north this Sunday! Register now and take part in fun activities like Drone Workshops and the indoor Drone Challenge onsite. Limited spaces are available so head over to the Matrix early.,SingaporeCAAS,0.6486
2018-04-26 02:48:25+00:00,9.89E+17,"In conjunction with #CarFreeSundaySG @ one-north on 29 April 2018, CAAS is organising Singapore's first drone showcase. We have a fun-filled programme planned, from drone challenges, drone aerial demonstrations to static displays.",SingaporeCAAS,0.6486
2018-04-24 11:57:14+00:00,9.89E+17,"No cars, but drones to take to the sky at Car-Free SG on April 29 #drone #DRONES SINGAPORE - While the roads will be free of cars at one-north for the Car-Free Sunday SG event on April 29, the skies will be abuzz with drones. In a first, the Civil Aviati2026",LiveEdges,0.6486
2018-04-19 01:23:13+00:00,9.87E+17,One-north TOP 10 worst MRT stations,Sonic_Tardis,0.6486
2018-04-03 15:24:42+00:00,9.81E+17,One-North architecture are so fine,AF_Xpress,0.6486
2018-03-29 11:28:49+00:00,9.79E+17,New Robotics Centre launched at  JTC LaunchPad at one-north to support #robotics & automation #startups in #Singapore #Innovation #SmartNation #SmartCity #Industry40 #4IR #SmartCities #GovTech #Automation #SmartFactory,Lochoffs,0.6486
2018-03-29 03:11:23+00:00,9.79E+17,I'm at Nexus@one-north in Singapore ,_jlyj,0.6486
2018-03-28 18:48:22+00:00,9.79E+17,new  #robotics  #centre  #launched at one-north to  #support  #robotics & #automation  #startups in  #singapore ,SidMehta91,0.6486
2018-03-28 13:39:03+00:00,9.79E+17,"Something to ponder upon. Please read. Danjuma: Ugliness Is The Beauty Of Northern Nigeria By Lasisi Olagunju March 26,  2018 The oppressive one-North is on its death-bed. General Yakubu Danjuma sang...",atbako,0.6486
2018-03-28 09:39:32+00:00,9.79E+17,New #Robotics Centre launched at  JTC LaunchPad @ one-north to support robotics; #automation startups in #Singapore #smartnation,OpenGov_Asia,0.6486
2018-03-27 12:24:07+00:00,9.79E+17,SINGAPORE - Car-Free Sunday SG will move out of the Civic District for the first time with a special edition of the popular event to be held in one-north next month....,SgHeritage_Soc,0.6486
2018-03-26 18:40:53+00:00,9.78E+17,Car-Free Sunday goes to one-north for the first time,bellaella7,0.6486
2018-03-26 07:47:13+00:00,9.78E+17,Car-Free Sunday goes to one-north,thenewpaper,0.6486
2018-03-25 21:30:34+00:00,9.78E+17,Car-Free Sunday to go to one-north,singaporeinform,0.6486
2018-03-25 12:38:06+00:00,9.78E+17,Car-Free Sunday goes to one-north for the first time,bellaella7,0.6486
2018-03-25 06:55:07+00:00,9.78E+17,Car-Free Sunday will move out of the Civic District for the first time next month to one-north: URAsg jtccorp,Power98News,0.6486
2018-03-25 03:28:06+00:00,9.78E+17,Car-Free Sunday goes to one-north for the first time,singaporeinform,0.6486
2018-02-15 05:05:43+00:00,9.64E+17,"one-north, S'pore's first drone estate, will provide a space for test-bedding of innovative drone solutions:",SmartNationSG,0.6486
2018-02-14 14:09:58+00:00,9.64E+17,One-north unveiled as first drone estate: Other innovative projects that have t... #autonomousCar #selfDrivingCar,SelfDrivingFEED,0.6486
2018-02-14 10:33:47+00:00,9.64E+17,The one-north area near Buona Vista in Singapore to host trials involving the use of unmanned aircraft systems(UAS) for parcel deliveries. #Export #import #AirFreight #DomesticFreight #OceanFreight #Goods #NVOCC #IATA #USA #CargoInsurance #CustomsClearance #Shipment,GglSingapore,0.6486
2018-02-13 04:46:28+00:00,9.63E+17,Cycling to office from one-north mrt station.,egyikfan,0.6486
2018-02-12 01:30:06+00:00,9.63E+17,"Singapore Government designates One-North district as the country's first drone estate, in which tests can be carried out, and inks several partnerships to tap technologies such as #AI to enhance air traffic management.",reworkshems,0.6486
2018-02-11 06:38:00+00:00,9.63E+17,"Parcel delivery from a ""flying"" postman? That could be the case for the people in One-north, which was recently announced as the first designated #drone estate in Singapore:",exxonmobil_sg,0.6486
2018-02-10 13:18:14+00:00,9.62E+17,Drone trials to take place at one-north,slnged,0.6486
2018-02-09 09:25:04+00:00,9.62E+17,Drone trials to take place at one-north - Channel NewsAsia,UAV_news,0.6486
2018-02-09 06:42:13+00:00,9.62E+17,"Five Projects Named for Singapore's Drone Estate: Plans to designate one-north, a 200HA ",UAS_VISION,0.6486
2018-02-09 05:26:53+00:00,9.62E+17,Drone trials to take place at one-north - Channel NewsAsia - Channel NewsAsia ,UAV_news,0.6486
2018-02-09 02:34:37+00:00,9.62E+17,Drone trials to take place at one-north - Channel NewsAsia,UAV_news,0.6486
2018-02-09 01:49:57+00:00,9.62E+17,"Five technology trials to kick off at one-north, Singapore's first drone estate - The Business Times",UAV_news,0.6486
2018-02-08 23:30:00+00:00,9.62E+17,What do you think about Singapore's One-north becoming a drone-estate?,TechWireAsia,0.6486
2018-02-08 13:59:31+00:00,9.62E+17,One-north designated as Singapore's first #drone estate connected2india #UAS,UAS_Insights,0.6486
2018-02-08 08:13:24+00:00,9.62E+17,"Five technology trials to kick off at one-north, Singapore's first drone estate businesstimes",ISSNUS,0.6486
2018-02-08 07:04:14+00:00,9.61E+17,One-north designated as Singapore's first drone estate connected2india,JaefooBooks,0.6486
2018-02-08 02:10:16+00:00,9.61E+17,One-north designated as Singapore's first drone estate,IndianDrones,0.6486
2018-02-07 14:09:10+00:00,9.61E+17,"Five technology trials to kick off at one-north, Singapore's first drone estate, Transport - THE B... #drone #uav",DroneNewsFeed,0.6486
2018-02-07 10:00:38+00:00,9.61E+17,"#TECH #INNOVATION Singapore designates area for drone tests, explores new tech for air traffic management - Government designates One-North district as the country's first drone estate, in which tests can be carried out, and inks several partnerships ...",dougbrownDBA,0.6486
2018-02-07 10:00:00+00:00,9.61E+17,Drone trials to take place at one-north,DawnTanCNA,0.6486
2018-02-07 09:56:00+00:00,9.61E+17,Drone trials to take place at one-north,alriyadhdaily,0.6486
2018-02-07 09:45:55+00:00,9.61E+17,"News Update: Singapore designates area for drone tests, explores new tech for air traffic management - Government designates One-North district as the country's first drone estate, in which tests can be carried out, and inks several partnerships to ta... ",ManishMalladi,0.6486
2018-02-07 09:15:41+00:00,9.61E+17,"via #ZDnet: Singapore designates area for drone tests, explores new tech for air traffic management - Government designates One-North district as the country's first drone estate, in which tests can be carried out, and inks several partnerships to tap... ",semantia,0.6486
2018-02-07 08:45:32+00:00,9.61E+17,"Singapore designates area for drone tests, explores new tech for air traffic management - Government designates One-North district as the country's first drone estate, in which tests can be carried out, and inks several partnerships to tap technologie...",etrixIT,0.6486
2018-02-07 08:01:17+00:00,9.61E+17,"Five technology trials to kick off at one-north, Singapore's first drone estate #DRONES",LiveEdges,0.6486
2018-02-07 07:00:01+00:00,9.61E+17,"Singapore's first drone estate to see tests for aerial drone parcel delivery. The next time you're in the one-north area, don't be shocked to see drones whizzing past above you. TODAYonline",,0.6486
2018-02-07 05:56:37+00:00,9.61E+17,"Check out Solaris @ One-North, 1 Fusionopolis Walk.",hamzahyeang,0.6486
2018-02-07 05:41:01+00:00,9.61E+17,Drone trials to take place at one-north ,GlobalProdRview,0.6486
2018-02-07 05:35:38+00:00,9.61E+17,"Five technology trials to kick off at one-north, Singapore's first drone estate ",GlobalProdRview,0.6486
2018-02-07 04:57:07+00:00,9.61E+17,"Five technology trials to kick off at one-north, Singapore's first drone estate | DroneGames - #drones",dronegamescom,0.6486
2018-02-07 04:56:53+00:00,9.61E+17,"Five technology trials to kick off at one-north, Singapore's first drone estate | Droneblog - #drones",droneblog,0.6486
2018-02-07 04:54:12+00:00,9.61E+17,"Five technology trials to kick off at one-north, Singapore's first drone estate | DroneSport - #drones",drone_sport,0.6486
2018-02-07 04:53:07+00:00,9.61E+17,"Five technology trials to kick off at one-north, Singapore's first drone estate | DroneReviews - #drones",drone_reviews,0.6486
2018-02-07 04:50:36+00:00,9.61E+17,"Five technology trials to kick off at one-north, Singapore's first drone estate | DroneSchool -  #drones",drone_school,0.6486
2018-02-07 04:49:21+00:00,9.61E+17,"Five technology trials to kick off at one-north, Singapore's first drone estate | DronePilots -  #drones",dronepilots,0.6588
2018-02-07 04:14:50+00:00,9.61E+17,Penggunaan dron bakal diuji di one-north.,BERITAmediacorp,0.6597
2018-02-07 04:09:09+00:00,9.61E+17,followme - Drone trials to take place at one-north: The 200-hectare business park has been designated as the first drone estate in Singapore.  #Technology,homesmiamibeach,0.6597
2018-02-07 03:53:10+00:00,9.61E+17,Drone trials to take place at one-north - Channel NewsAsia #drone #uav,DroneNewsFeed,0.6597
2018-02-07 03:41:17+00:00,9.61E+17,Drone trials to take place at one-north  #drones #UAV,DroneUAVUAS,0.6688
2018-02-07 03:39:04+00:00,9.61E+17,Drone trials to take place at one-north | DronePilots - #drones,dronepilots,0.6705
2018-02-07 03:37:06+00:00,9.61E+17,Drone trials to take place at one-north | DroneGames - #drones,dronegamescom,0.6705
2018-02-07 03:36:09+00:00,9.61E+17,Drone trials to take place at one-north | Droneblog - #drones,droneblog,0.6705
2018-02-07 03:35:11+00:00,9.61E+17,Drone trials to take place at one-north | DroneSchool - #drones,drone_school,0.6705
2018-02-07 03:34:22+00:00,9.61E+17,Drone trials to take place at one-north | DroneSport - #drones,drone_sport,0.6712
2018-02-07 03:33:25+00:00,9.61E+17,Drone trials to take place at one-north | DroneReviews - #drones,drone_reviews,0.6769
2018-02-07 03:33:08+00:00,9.61E+17,Drone trials to take place at one-north #uas#uav#drone#suas,super64,0.6769
2018-02-07 03:17:21+00:00,9.61E+17,"Five technology trials to kick off at one-north, #Singapore's first drone estate",BusinessTimes,0.68
2018-02-07 03:02:09+00:00,9.61E+17,Drone trials to take place at one-north,ChannelNewsAsia,0.6808
2018-02-07 02:50:07+00:00,9.61E+17,Drone trials to take place at one-north,sgpressrelease,0.69
2018-02-07 02:48:23+00:00,9.61E+17,#Drone trials to take place at one-north - Singapore's first drone estate ,ChannelNewsAsia,0.6908
2018-02-07 00:56:13+00:00,9.61E+17,One-north to be designated as Singapore's first drone estate - The Straits Times #Drones,captsingh,0.6982
2018-02-07 00:37:27+00:00,9.61E+17,Ministry of Transport designates one-north as SG's first drone estate #drones #UAV,DroneUAVUAS,0.6996
2018-02-06 22:10:04+00:00,9.61E+17,Ministry of Transport designates one-north as SG's first drone estate #uas#uav#drone#suas,super64,0.6996
2018-02-06 19:00:02+00:00,9.61E+17,"Drone Nation: unmanned aircrafts from #NTUsg #AirTraffic Management Research Institute will soon buzz over the skies at newly designated #drone estate at One-North, as one of its pioneer users. #NTUsgResearch #NTUsgCampus",NTUsg,0.6996
2018-02-06 18:17:18+00:00,9.61E+17,"One-north to be designated as Singapore's first drone estate, Transport",Ruby_Camera,0.7003
2018-02-06 15:03:10+00:00,9.61E+17,One-north to be designated as Singapore's first drone estate #drones #uav #singapore,TheDroneTrainer,0.7003
2018-02-06 14:23:10+00:00,9.61E+17,"One-north to be designated as Singapore's first drone estate, Transport News ; Top Stories - The S...  #drone #uav",DroneNewsFeed,0.7088
2018-02-06 13:21:44+00:00,9.61E+17,One-north to be designated as Singapore's first drone estate ,thenewpaper,0.7096
2018-02-06 13:21:10+00:00,9.61E+17,#NTUsg will be a pioneer user at the new One-North #drone estate. NTU's #AirTrafficManagement Research Institute will try out new command; control technologies for drones over 4.5G #mobilenetworks as well as to optimise the urban envt for multiple flights.,NTUsg,0.7096
2018-02-06 08:04:02+00:00,9.61E+17,One-north to be designated as Singapore's first drone estate ,thenewpaper,0.7096
2018-02-06 05:48:26+00:00,9.61E+17,"One-north to be designated as Singapore's first drone estate, Transport News; Top Stories - The Straits Times",TalentreqP,0.7096
2018-02-06 02:45:23+00:00,9.61E+17,One-north to be designated as Singapore's first drone estate #readOnTNP via @thenewpaper,CubeSingapore,0.7096
2018-02-06 01:13:58+00:00,9.61E+17,"One-north has been designated #Singapore's first #drone estate, will help the growth of high-tech #companies with unmanned #aircraft capabilities #Innovation #SmartCity #4IR #Industry40 #SG #UAV #UAS #Tech #SmartNation #Aviation #FutureCities #GovTech",Lochoffs,0.7096
2018-02-06 01:04:13+00:00,9.61E+17,One-north to be designated as #Singapore's first #drone estate ,SingaporeApp,0.7096
2018-02-06 01:00:02+00:00,9.61E+17,One-north to be designated as Singapore's first drone estate ,straits_times,0.7128
2018-02-06 00:48:38+00:00,9.61E+17,One-north to be designated as Singapore's first drone estate,singaporeinform,0.7177
2018-02-06 00:12:59+00:00,9.61E+17,one-north to be #Singapore's first drone estate ,BusinessTimes,0.7184
2018-02-05 22:50:22+00:00,9.61E+17,One-north to be designated as S'pore's first drone estate | DroneSchool #drones,drone_school,0.7184
2018-02-05 22:48:07+00:00,9.61E+17,One-north to be designated as S'pore's first drone estate | DroneReviews #drones,drone_reviews,0.7263
2018-02-05 22:47:08+00:00,9.61E+17,One-north to be designated as S'pore's first drone estate | DroneGames #drones,dronegamescom,0.7269
2018-02-05 22:46:06+00:00,9.61E+17,One-north to be designated as S'pore's first drone estate | Droneblog #drones,droneblog,0.7339
2018-02-05 22:44:13+00:00,9.61E+17,One-north to be designated as S'pore's first drone estate | DroneSport #drones,drone_sport,0.7339
2018-02-05 22:44:05+00:00,9.61E+17,One-north to be designated as S'pore's first drone estate | DronePilots #drones,dronepilots,0.743
2018-02-05 21:47:09+00:00,9.61E+17,One-north to be designated as Singapore's first drone estate,sandeepc331,0.743
2018-02-05 17:01:10+00:00,9.61E+17,one-north to be designated as Singapore's first drone estate - The Straits Times : singapore #drone #uav,DroneNewsFeed,0.7456
2018-02-05 15:16:54+00:00,9.61E+17,"One-North to be designated as Singapore's first drone estate - airbus, ST Aerospace and NTUsg have already joined as pioneer users - ",Tom_NTUsg,0.75
2018-02-05 14:36:10+00:00,9.61E+17,One-North Will Be Named Singapore's First Drone Estate  #drone #uav,DroneNewsFeed,0.7506
2018-02-05 14:26:10+00:00,9.61E+17,One-north unveiled as first drone estate: Other innovative projects that have taken flight in the ...  #drone #uav,DroneNewsFeed,0.7506
2018-02-05 14:26:04+00:00,9.61E+17,One-North to be designated as Singapore's first drone estate #DroneInsurance for the @FAANews...,UASInsurance,0.7506
2018-02-05 14:16:10+00:00,9.61E+17,Ministry of Transport designates one-north as SG's first drone estate  | Singapore Business Review #drone #uav,DroneNewsFeed,0.7568
2018-02-05 14:07:10+00:00,9.61E+17,One-North to be designated as Singapore's first drone estate | OpenGovAsia #drone #uav,DroneNewsFeed,0.7574
2018-02-05 13:30:04+00:00,9.61E+17,"One-north, which has been designated #Singapore's first #drone estate, will help the growth of high-tech companies with #UAV capabilities and spur commercial partnerships.",Coptrz,0.765
2018-02-05 13:23:29+00:00,9.61E+17,One-north to be designated as Singapore's first drone estate.,HomeSearchSg,0.7772
2018-02-05 13:14:10+00:00,9.61E+17,One-north to be designated as Singapore's first drone estate ,AliHeyamali,0.7777
2018-02-05 12:32:03+00:00,9.60E+17,One-north to be designated as Singapore's first drone estate via @STcom ,Asean_Economist,0.7783
2018-02-05 10:40:34+00:00,9.60E+17,One-north unveiled as first drone estate: Other innovative projects that have taken flight in the research hub,UAVDronePolicy,0.7783
2018-02-05 10:40:31+00:00,9.60E+17,One-north to be designated as Singapore's first drone estate,UAVDronePolicy,0.784
2018-02-05 10:40:20+00:00,9.60E+17,One-North Set To Be S'pore's First Drone Estate - A Space To Testbed Unmanned Aircraft Systems,UAVDronePolicy,0.7845
2018-02-05 10:25:00+00:00,9.60E+17,One-north to be designated as Singapore's first drone estate,masterqmann,0.7901
2018-02-05 10:01:09+00:00,9.60E+17,One-north unveiled as first drone estate: Other innovative projects that have taken flight in the ... #DRONES,LiveEdges,0.7928
2018-02-05 09:55:57+00:00,9.60E+17,One-north to be designated as Singapore's first drone estate,TimKobe,0.7955
2018-02-05 09:34:04+00:00,9.60E+17,Ministry of Transport designates one-north as SG's first drone estate ,chancecaster,0.7964
2018-02-05 09:30:02+00:00,9.60E+17,one-north bakal dijadikan estet dron pertama S'pura.,BERITAmediacorp,0.8011
2018-02-05 09:27:49+00:00,9.60E+17,One-north unveiled as first drone estate: Other innovative projects that have taken flight in the research hub,singaporeinform,0.8016
2018-02-05 09:20:07+00:00,9.60E+17,One-north unveiled as first drone estate: Other innovative projects that have taken flight in the research hub,straits_times,0.802
2018-02-05 08:42:49+00:00,9.60E+17,One-north to be designated as Singapore's first drone estate,OlofssonCompany,0.8023
2018-02-05 08:00:04+00:00,9.60E+17,Singapore moving forward with drones: The aim of the drone estate in one-north is to provide companies and...,JustFlyIt,0.8057
2018-02-05 06:36:22+00:00,9.60E+17,One-north to be designated as #Singapore's first #drone estate #SGAirshow #UAS,Marcus_homengt,0.8064
2018-02-05 06:20:02+00:00,9.60E+17,One-north to be designated as Singapore's first drone estate - The Straits Times ,DroneDeliver,0.807
2018-02-05 06:01:22+00:00,9.60E+17,One-North to be designated as Singapore's first drone estate #DRONES,LiveEdges,0.8109
2018-02-05 05:55:12+00:00,9.60E+17,One-north to be designated as Singapore's first drone estate ,C_LESPAYANDEL,0.8126
2018-02-05 05:35:39+00:00,9.60E+17,One-north to be designated as Singapore's first drone estate,GlobalProdRview,0.8172
2018-02-05 05:27:24+00:00,9.60E+17,One-North to be designated as Singapore's first drone estate | DroneSchool #drones,drone_school,0.8176
2018-02-05 05:27:15+00:00,9.60E+17,One-North to be designated as Singapore's first drone estate | DronePilots #drones,dronepilots,0.8176
2018-02-05 05:26:08+00:00,9.60E+17,One-North to be designated as Singapore's first drone estate | DroneReviews #drones,drone_reviews,0.8313
2018-02-05 05:19:43+00:00,9.60E+17,One-north will be designated as Singapore's first drone hub,Power98News,0.8313
2018-02-05 05:17:07+00:00,9.60E+17,One-North to be designated as Singapore's first drone estate | DroneGames #drones,dronegamescom,0.8356
2018-02-05 05:14:16+00:00,9.60E+17,One-North to be designated as Singapore's first drone estate | DroneSport #drones,drone_sport,0.836
2018-02-05 05:13:10+00:00,9.60E+17,One-North to be designated as Singapore's first drone estate | Droneblog #drones,droneblog,0.836
2018-02-05 05:07:04+00:00,9.60E+17,"One-North to be designated as #Singapore's first #drone estate, providing companies and research institutions with an urban environment for test-bedding innovative #Unmanned #Aircraft System technologies #SmartCities",OpenGov_Asia,0.8392
2018-02-05 04:32:33+00:00,9.60E+17,One-north to be designated as Singapore's first drone estate ,chicken_guy,0.8395
2018-02-05 04:05:05+00:00,9.60E+17,One-north to be designated as Singapore's first drone estate - The Straits Times,SingaporeToBali,0.8398
2018-02-05 03:59:05+00:00,9.60E+17,One-north to be designated as Singapore's first drone estate,helengreiner,0.8433
2018-02-05 03:33:27+00:00,9.60E+17,One-north to be designated as Singapore's first drone estate | Droneblog #drones,droneblog,0.8481
2018-02-05 03:32:09+00:00,9.60E+17,One-north to be designated as Singapore's first drone estate | DroneGames #drones,dronegamescom,0.8547
2018-02-05 03:31:21+00:00,9.60E+17,One-north to be designated as Singapore's first drone estate | DroneReviews #drones,drone_reviews,0.8555
2018-02-05 03:29:09+00:00,9.60E+17,One-north to be designated as Singapore's first drone estate | DroneSport #drones,drone_sport,0.8572
2018-02-05 03:27:12+00:00,9.60E+17,One-north to be designated as Singapore's first drone estate | DronePilots #drones,dronepilots,0.8588
2018-02-05 03:27:10+00:00,9.60E+17,One-north to be designated as Singapore's first drone estate | DroneSchool #drones,drone_school,0.8622
2018-02-05 02:15:54+00:00,9.60E+17,One-north to be designated as Singapore's first drone estate,luv_drones,0.8625
2018-02-05 02:01:10+00:00,9.60E+17,One-north to be designated as Singapore's first drone estate #DRONES,LiveEdges,0.8629
2018-02-05 01:53:10+00:00,9.60E+17,"One-north to be designated as Singapore's first drone estate, Transport News; Top Stories - The S... #drone #uav",DroneNewsFeed,0.8646
2018-02-04 23:43:09+00:00,9.60E+17,indeed. Timbre+ started tray deposits over a year ago at one-north. Within days people had figured out a workaround ,icedwater,0.8718
2018-02-04 06:26:40+00:00,9.60E+17,pasir ris to one-north............. 50 ketul peh pasal,mudrepp_,0.875
2018-02-02 08:33:10+00:00,9.59E+17,Google Cloud is coming to Launchpad@one-north! Hear from Carousell and Viki on how they scale their infrastructure as their businesses grow and expand across markets. followed by a special talk by a Google Cloud Developer Advocate.,aceorgsg,0.8784
2018-02-01 02:23:46+00:00,9.59E+17,TODAYonline INCORRECT: Other hawker centres in One-North and Yishun managed by the Timbre Group also use similar tray return systems.  Timbre+ allows cashless payment of deposit. And they got it running first. What were the rest smoking? ,zhongliangong,0.8816
2018-01-30 02:54:08+00:00,9.58E+17,Biopolis is NOT one-north,meowtress,0.8856
2018-01-30 00:11:02+00:00,9.58E+17,[Queenstown] Aerodactyl (M) (IV: 64% - CP: 185) until 09:08:08AM at  One-North Ave,EpicSGPokemon,0.8858
2018-01-28 09:22:52+00:00,9.58E+17,2+1 Hdb whole Unit for Rent - Near Holland; Buona Vista MRT!! One-North Nearby - $1700 ( Blk 13 Holland),RoomwithAircon,0.886
2018-01-26 00:20:41+00:00,9.57E+17,Do you know which side of the One-North MRT station the @Xero buses are picking us up from?,HeatherSmithAU,0.8872
2018-01-25 11:17:09+00:00,9.56E+17,#walkwalkwalk @ one-north MRT Station,AnthonyOng0309,0.8874
2018-01-25 10:31:08+00:00,9.56E+17,"The strategic move to open in areas populated with office workers was a winning formula, and this prompted them to open two more outlets in areas such as the Central Business District and business parks like One-North.",iCHEFPOS_SG,0.8881
2018-01-23 08:53:18+00:00,9.56E+17,[Min Jiang One-North] - Braised Pork Spare Ribs and Pork Belly with Sea Treasures ($288++) which ,sgfoodonfoot,0.8881
2018-01-23 02:59:19+00:00,9.56E+17,GYSS@one-north Global Young Scientists Summit Singapore 2018 Takaaki Kajita Nobel Prize in Physics 2015,uniunichan,0.8895
2018-01-22 21:08:32+00:00,9.56E+17,"We are at the GYSS@one-north, a gathering of young scientists from all over the world, with eminent international #science and #technology speakers in #Singapore 20-26 January 2018. Look out for our onsite specials! #youngscientist",worldscientific,0.8953
2018-01-19 13:30:33+00:00,9.54E+17,"#GYSS@one-north, not only provides me w/ a Liason Officer (Kang Yong) to make sure I get from A to B during the next 7 days, but also w/ my own chauffeur-driven BMW GYSS11. This event is organized by the NRF / Prime Minister's Office.  Governments in Asia feature science big-time",sirfrasersays,0.902
2018-01-19 09:18:34+00:00,9.54E+17,"[Min Jiang One-North] - At Min Jiang One-North, taking centrestage for this Lunar New Year is",sgfoodonfoot,0.9022
2018-01-19 08:40:15+00:00,9.54E+17,"Come listen to Laureates Prof John Hopcroft and Prof Stuart Parkin as they discuss how we should be ""Preparing for the Fourth Industrial Revolution"", organised by NUS in conjunction with the Global Young Scientists Summit@one-north 2018. #NUSGlobal",NUSingapore,0.91
2018-01-18 13:00:59+00:00,9.54E+17,The student was walking from one-north MRT station at 12.30pm when a white van stopped near her.,pinoystaronline,0.9169
2018-01-16 11:22:01+00:00,9.53E+17,[Queenstown] Venusaur (M)  until 07:51:07PM at  One-north Cres ,EpicSGPokemon,0.9306
2018-01-08 19:22:01+00:00,9.50E+17,[Queenstown] Venusaur (F) (IV: 75% - CP: 1337) until 03:51:07AM at  One-north Cres,EpicSGPokemon,0.936
2018-01-05 04:37:59+00:00,9.49E+17,I'm now the Baroness of one-north on #Yelp!,frozentrace,0.9534
2018-01-05 02:20:11+00:00,9.49E+17,$1500 office space in exclusive one-north / Ayer Rajah Crescent area. Location: 71 Ayer Rajah,IndraPr,0.9633
